graph_file,execution_time_ms,broumi_cost_real,broumi_path_length
graph_0001_n43.txt,0.12850004713982344,198,3
graph_0002_n20.txt,0.012899981811642647,59,1
graph_0003_n9.txt,0.00909995287656784,53,1
graph_0004_n74.txt,0.02029992174357176,111,2
graph_0005_n85.txt,0.017399899661540985,70,1
graph_0006_n98.txt,0.06949994713068008,209,3
graph_0007_n3.txt,0.005300040356814861,31,1
graph_0008_n58.txt,0.040199956856667995,148,3
graph_0009_n17.txt,0.009299954399466515,80,1
graph_0010_n61.txt,0.08679996244609356,226,3
graph_0011_n80.txt,0.023600063286721706,117,2
graph_0012_n64.txt,0.06230000872164965,210,3
graph_0013_n48.txt,0.045900000259280205,139,2
graph_0014_n39.txt,0.020000035874545574,139,2
graph_0015_n91.txt,0.07529999129474163,272,6
graph_0016_n65.txt,0.21820003166794777,228,3
graph_0017_n44.txt,0.10950001887977123,259,4
graph_0018_n51.txt,0.09490002412348986,202,3
graph_0019_n24.txt,0.016200006939470768,92,1
graph_0020_n19.txt,0.01610000617802143,56,1
graph_0021_n9.txt,0.01910002902150154,96,2
graph_0022_n6.txt,0.0315000070258975,40,1
graph_0023_n84.txt,0.12340000830590725,353,6
graph_0024_n45.txt,0.03060000017285347,138,2
graph_0025_n39.txt,0.016600009985268116,72,1
graph_0026_n69.txt,0.032800016924738884,190,3
graph_0027_n49.txt,0.1379000023007393,248,4
graph_0028_n66.txt,0.04299997817724943,175,3
graph_0029_n25.txt,0.10119995567947626,125,2
graph_0030_n98.txt,0.06690004374831915,233,3
graph_0031_n56.txt,0.0545999500900507,304,5
graph_0032_n55.txt,0.03639992792159319,203,3
graph_0033_n95.txt,0.038899946957826614,177,3
graph_0034_n33.txt,0.01009996049106121,118,2
graph_0035_n94.txt,0.17859996296465397,241,4
graph_0036_n86.txt,0.010299962013959885,95,1
graph_0037_n94.txt,0.044599990360438824,112,2
graph_0038_n46.txt,0.014899997040629387,117,2
graph_0039_n4.txt,0.009399955160915852,73,1
graph_0040_n66.txt,0.022000051103532314,268,5
graph_0041_n33.txt,0.02150004729628563,48,1
graph_0042_n87.txt,0.103199970908463,308,5
graph_0043_n33.txt,0.05610007792711258,263,4
graph_0044_n33.txt,0.039800070226192474,162,2
graph_0045_n83.txt,0.03879994619637728,245,3
graph_0046_n62.txt,0.06210000719875097,91,1
graph_0047_n9.txt,0.0073999399319291115,49,1
graph_0048_n49.txt,0.018399907276034355,169,3
graph_0049_n78.txt,0.20999996922910213,307,5
graph_0050_n93.txt,0.018600025214254856,281,4
graph_0051_n44.txt,0.006700051017105579,150,2
graph_0052_n48.txt,0.00509992241859436,71,1
graph_0053_n44.txt,0.02680008765310049,147,3
graph_0054_n81.txt,0.06400002166628838,260,4
graph_0055_n7.txt,0.009499955922365189,115,2
graph_0056_n25.txt,0.029099988751113415,109,2
graph_0057_n78.txt,0.07309997454285622,126,2
graph_0058_n13.txt,0.017700018361210823,33,2
graph_0059_n62.txt,0.028699985705316067,69,1
graph_0060_n80.txt,0.032400013878941536,478,8
graph_0061_n64.txt,0.028799986466765404,176,2
graph_0062_n96.txt,0.04050007555633783,166,3
graph_0063_n30.txt,0.03470003139227629,129,2
graph_0064_n39.txt,0.10629999451339245,175,4
graph_0065_n67.txt,0.03459991421550512,136,2
graph_0066_n40.txt,0.02629996743053198,136,2
graph_0067_n73.txt,0.02889998722821474,143,2
graph_0068_n45.txt,0.15089998487383127,172,3
graph_0069_n21.txt,0.04880002234131098,183,2
graph_0070_n85.txt,0.020600040443241596,187,3
graph_0071_n36.txt,0.008899951353669167,75,1
graph_0072_n44.txt,0.05250005051493645,191,3
graph_0073_n94.txt,0.005100038833916187,25,1
graph_0074_n29.txt,0.02929999027401209,184,3
graph_0075_n27.txt,0.012199976481497288,123,3
graph_0076_n52.txt,0.04959991201758385,380,6
graph_0077_n88.txt,0.003100023604929447,60,1
graph_0078_n21.txt,0.026999972760677338,125,2
graph_0079_n75.txt,0.00600004568696022,21,1
graph_0080_n86.txt,0.004100031219422817,73,1
graph_0081_n19.txt,0.0076999422162771225,98,2
graph_0082_n32.txt,0.026900088414549828,260,3
graph_0083_n76.txt,0.0684000551700592,201,4
graph_0084_n33.txt,0.05779997445642948,201,4
graph_0085_n52.txt,0.012200092896819115,74,1
graph_0086_n10.txt,0.0077999429777264595,30,1
graph_0087_n89.txt,0.02719997428357601,255,4
graph_0088_n43.txt,0.0031999079510569572,85,1
graph_0089_n72.txt,0.015400000847876072,124,2
graph_0090_n43.txt,0.014199991710484028,109,2
graph_0091_n38.txt,0.02210005186498165,92,2
graph_0092_n49.txt,0.014999997802078724,103,2
graph_0093_n34.txt,0.008300063200294971,102,2
graph_0094_n86.txt,0.0066999346017837524,61,1
graph_0095_n36.txt,0.015099998563528061,175,2
graph_0096_n6.txt,0.00870006624609232,88,1
graph_0097_n43.txt,0.0074999406933784485,80,1
graph_0098_n33.txt,0.014599994756281376,120,2
graph_0099_n72.txt,0.05819997750222683,82,3
graph_0100_n37.txt,0.033100019209086895,128,3
graph_0101_n5.txt,0.007899943739175797,88,1
graph_0102_n57.txt,0.01910002902150154,172,2
graph_0103_n57.txt,0.030199997127056122,229,4
graph_0104_n48.txt,0.022300053387880325,219,3
graph_0105_n15.txt,0.005399924702942371,83,1
graph_0106_n19.txt,0.0073999399319291115,78,1
graph_0107_n35.txt,0.013199984095990658,29,1
graph_0108_n92.txt,0.09559991303831339,285,4
graph_0109_n79.txt,0.03160000778734684,321,5
graph_0110_n99.txt,0.05929998587816954,340,6
graph_0111_n31.txt,0.007300055585801601,65,1
graph_0112_n39.txt,0.04630000330507755,290,4
graph_0113_n28.txt,0.009399955160915852,96,1
graph_0114_n47.txt,0.08699996396899223,226,3
graph_0115_n37.txt,0.014699995517730713,113,3
graph_0116_n90.txt,0.022900057956576347,167,2
graph_0117_n76.txt,0.1246000174432993,285,4
graph_0118_n93.txt,0.05650008097290993,620,8
graph_0119_n46.txt,0.01750001683831215,96,2
graph_0120_n88.txt,0.07209996692836285,343,5
graph_0121_n84.txt,0.00700005330145359,65,2
graph_0122_n64.txt,0.014599994756281376,105,2
graph_0123_n51.txt,0.02310005947947502,105,2
graph_0124_n89.txt,0.03729993477463722,134,2
graph_0125_n89.txt,0.0849999487400055,172,4
graph_0126_n77.txt,0.01750001683831215,40,1
graph_0127_n70.txt,0.11110003106296062,215,4
graph_0128_n97.txt,0.1884999219328165,291,4
graph_0129_n92.txt,0.04600000102072954,85,2
graph_0130_n56.txt,0.15109998639672995,241,3
graph_0131_n21.txt,0.027499976567924023,211,3
graph_0132_n28.txt,0.028999987989664078,88,1
graph_0133_n88.txt,0.1962999813258648,210,3
graph_0134_n49.txt,0.014899997040629387,66,1
graph_0135_n48.txt,0.09920005686581135,250,4
graph_0136_n10.txt,0.028699985705316067,134,2
graph_0137_n49.txt,0.05470006726682186,111,3
graph_0138_n13.txt,0.021900050342082977,41,1
graph_0139_n80.txt,0.09850005153566599,249,4
graph_0140_n13.txt,0.022099935449659824,95,1
graph_0141_n17.txt,0.016700010746717453,70,1
graph_0142_n62.txt,0.08460006210952997,274,5
graph_0143_n82.txt,0.012399978004395962,72,1
graph_0144_n40.txt,0.11859997175633907,203,3
graph_0145_n79.txt,0.17660006415098906,131,3
graph_0146_n48.txt,0.022099935449659824,105,2
graph_0147_n19.txt,0.06340001709759235,122,2
graph_0148_n45.txt,0.1471999567002058,101,3
graph_0149_n51.txt,0.12560002505779266,171,3
graph_0150_n68.txt,0.1338999718427658,249,4
graph_0151_n13.txt,0.0077999429777264595,182,2
graph_0152_n32.txt,0.03290001768618822,339,4
graph_0153_n53.txt,0.26549992617219687,223,3
graph_0154_n35.txt,0.046900007873773575,165,2
graph_0155_n72.txt,0.11429993901401758,421,6
graph_0156_n100.txt,0.152900000102818,328,5
graph_0157_n56.txt,0.008999952115118504,86,1
graph_0158_n54.txt,0.020600040443241596,242,4
graph_0159_n99.txt,0.03430002834647894,310,4
graph_0160_n28.txt,0.04349998198449612,124,2
graph_0161_n10.txt,0.01109996810555458,21,1
graph_0162_n36.txt,0.05309993866831064,124,2
graph_0163_n43.txt,0.1183999702334404,289,5
graph_0164_n32.txt,0.022500054910779,243,4
graph_0165_n60.txt,0.013499986380338669,88,3
graph_0166_n8.txt,0.005200039595365524,25,1
graph_0167_n72.txt,0.004400033503770828,41,1
graph_0168_n13.txt,0.01179997343569994,45,1
graph_0169_n9.txt,0.012200092896819115,97,1
graph_0170_n56.txt,0.04579999949783087,174,3
graph_0171_n80.txt,0.019900035113096237,218,3
graph_0172_n12.txt,0.036199926398694515,104,2
graph_0173_n5.txt,0.009800074622035027,94,1
graph_0174_n23.txt,0.017300015315413475,169,3
graph_0175_n87.txt,0.05650008097290993,386,7
graph_0176_n55.txt,0.017699901945888996,164,2
graph_0177_n31.txt,0.019300030544400215,98,1
graph_0178_n77.txt,0.18700002692639828,251,4
graph_0179_n8.txt,0.016600009985268116,190,2
graph_0180_n46.txt,0.054200063459575176,323,5
graph_0181_n4.txt,0.0076999422162771225,51,1
graph_0182_n91.txt,0.006500049494206905,40,1
graph_0183_n86.txt,0.07449998520314693,253,3
graph_0184_n100.txt,0.0926000066101551,381,7
graph_0185_n48.txt,0.010699965059757233,22,1
graph_0186_n78.txt,0.09599991608411074,192,4
graph_0187_n31.txt,0.04950002767145634,195,3
graph_0188_n45.txt,0.017200014553964138,70,2
graph_0189_n39.txt,0.01070008147507906,183,3
graph_0190_n27.txt,0.011599971912801266,109,2
graph_0191_n22.txt,0.026899971999228,71,2
graph_0192_n85.txt,0.15660002827644348,308,5
graph_0193_n89.txt,0.07569999434053898,218,3
graph_0194_n60.txt,0.050299917347729206,263,4
graph_0195_n42.txt,0.043199979700148106,206,4
graph_0196_n75.txt,0.031800009310245514,140,3
graph_0197_n82.txt,0.05619996227324009,284,4
graph_0198_n18.txt,0.013199984095990658,91,2
graph_0199_n70.txt,0.05689996760338545,239,4
graph_0200_n61.txt,0.05950010381639004,404,6
graph_0201_n40.txt,0.06969994865357876,322,5
graph_0202_n29.txt,0.010999967344105244,66,1
graph_0203_n86.txt,0.06560003384947777,265,4
graph_0204_n56.txt,0.1490999711677432,201,3
graph_0205_n6.txt,0.008699949830770493,52,1
graph_0206_n81.txt,0.03929995000362396,197,3
graph_0207_n76.txt,0.01479999627918005,119,2
graph_0208_n97.txt,0.06160000339150429,113,2
graph_0209_n26.txt,0.01889991108328104,84,2
graph_0210_n31.txt,0.005300040356814861,72,1
graph_0211_n72.txt,0.03270001616328955,345,6
graph_0212_n30.txt,0.003600027412176132,23,1
graph_0213_n66.txt,0.008399947546422482,129,2
graph_0214_n86.txt,0.09749992750585079,273,4
graph_0215_n8.txt,0.005799927748739719,64,2
graph_0216_n91.txt,0.04509999416768551,264,4
graph_0217_n26.txt,0.0315000070258975,194,3
graph_0218_n26.txt,0.0032999087125062943,94,1
graph_0219_n72.txt,0.07069995626807213,201,3
graph_0220_n61.txt,0.063000014051795,206,3
graph_0221_n60.txt,0.06879994180053473,269,5
graph_0222_n68.txt,0.04309997893869877,170,3
graph_0223_n28.txt,0.009199953638017178,75,1
graph_0224_n82.txt,0.11959997937083244,220,3
graph_0225_n91.txt,0.017600017599761486,125,3
graph_0226_n7.txt,0.011899974197149277,95,1
graph_0227_n52.txt,0.09640003554522991,290,4
graph_0228_n79.txt,0.08579995483160019,326,6
graph_0229_n5.txt,0.012199976481497288,74,1
graph_0230_n39.txt,0.0619000056758523,188,3
graph_0231_n48.txt,0.01279998105019331,70,2
graph_0232_n96.txt,0.05659996531903744,155,2
graph_0233_n59.txt,0.02550007775425911,156,2
graph_0234_n65.txt,0.005100038833916187,32,1
graph_0235_n96.txt,0.032400013878941536,148,2
graph_0236_n84.txt,0.12370001059025526,479,7
graph_0237_n94.txt,0.12059998698532581,237,3
graph_0238_n57.txt,0.05170004442334175,195,3
graph_0239_n4.txt,0.005100038833916187,60,1
graph_0240_n73.txt,0.13049994595348835,206,3
graph_0241_n94.txt,0.23070001043379307,312,4
graph_0242_n44.txt,0.04529999569058418,189,2
graph_0243_n3.txt,0.0073999399319291115,88,1
graph_0244_n10.txt,0.019099912606179714,19,1
graph_0245_n45.txt,0.033199903555214405,147,2
graph_0246_n65.txt,0.015500001609325409,122,2
graph_0247_n47.txt,0.013899989426136017,311,5
graph_0248_n77.txt,0.03509991802275181,373,6
graph_0249_n23.txt,0.0073999399319291115,171,3
graph_0250_n19.txt,0.007900060154497623,125,2
graph_0251_n76.txt,0.05270005203783512,197,3
graph_0252_n69.txt,0.005599926225841045,91,1
graph_0253_n40.txt,0.06630003917962313,285,4
graph_0254_n92.txt,0.014599994756281376,149,2
graph_0255_n21.txt,0.016400008462369442,184,2
graph_0256_n84.txt,0.030099996365606785,218,3
graph_0257_n79.txt,0.01279998105019331,52,2
graph_0258_n11.txt,0.009199953638017178,154,2
graph_0259_n52.txt,0.03220001235604286,293,6
graph_0260_n83.txt,0.022400054149329662,147,2
graph_0261_n52.txt,0.03530003596097231,255,4
graph_0262_n27.txt,0.008300063200294971,48,1
graph_0263_n52.txt,0.014599994756281376,87,2
graph_0264_n60.txt,0.023999949917197227,80,2
graph_0265_n13.txt,0.00870006624609232,84,1
graph_0266_n51.txt,0.09220000356435776,277,4
graph_0267_n87.txt,0.01810002140700817,85,1
graph_0268_n15.txt,0.016900012269616127,150,2
graph_0269_n84.txt,0.039400067180395126,236,3
graph_0270_n73.txt,0.0385999446734786,233,3
graph_0271_n4.txt,0.0077999429777264595,89,1
graph_0272_n49.txt,0.011899974197149277,63,1
graph_0273_n94.txt,0.06320001557469368,171,3
graph_0274_n58.txt,0.052999937906861305,149,3
graph_0275_n76.txt,0.0369000481441617,251,3
graph_0276_n45.txt,0.00700005330145359,95,1
graph_0277_n7.txt,0.006400048732757568,82,1
graph_0278_n91.txt,0.008699949830770493,59,1
graph_0279_n91.txt,0.0751999905332923,318,5
graph_0280_n32.txt,0.04850002005696297,170,3
graph_0281_n81.txt,0.008200062438845634,90,1
graph_0282_n71.txt,0.01680001150816679,76,1
graph_0283_n7.txt,0.009599956683814526,153,2
graph_0284_n30.txt,0.014999997802078724,54,1
graph_0285_n68.txt,0.04680000711232424,82,1
graph_0286_n29.txt,0.015099998563528061,84,1
graph_0287_n19.txt,0.007900060154497623,87,1
graph_0288_n55.txt,0.06079999729990959,149,3
graph_0289_n47.txt,0.0075999414548277855,83,1
graph_0290_n33.txt,0.033800024539232254,135,2
graph_0291_n58.txt,0.008299946784973145,72,1
graph_0292_n66.txt,0.07329997606575489,375,5
graph_0293_n65.txt,0.005799927748739719,81,1
graph_0294_n100.txt,0.02180004958063364,164,3
graph_0295_n17.txt,0.012900098226964474,38,1
graph_0296_n66.txt,0.09710004087537527,282,4
graph_0297_n5.txt,0.006900052540004253,61,1
graph_0298_n34.txt,0.03130000550299883,187,3
graph_0299_n43.txt,0.04030007403343916,273,4
graph_0300_n31.txt,0.009899958968162537,113,2
graph_0301_n491.txt,0.3750000614672899,359,6
graph_0302_n300.txt,0.028699985705316067,141,2
graph_0303_n219.txt,0.11719996109604836,640,10
graph_0304_n121.txt,0.18370000179857016,333,4
graph_0305_n289.txt,0.2148000057786703,258,5
graph_0306_n220.txt,0.007900060154497623,71,1
graph_0307_n231.txt,0.010699965059757233,181,2
graph_0308_n316.txt,0.28819998260587454,451,6
graph_0309_n269.txt,0.06780005060136318,338,5
graph_0310_n361.txt,0.37020002491772175,412,8
graph_0311_n490.txt,0.06930006202310324,195,4
graph_0312_n269.txt,0.14669995289295912,407,6
graph_0313_n475.txt,0.24690001737326384,246,4
graph_0314_n237.txt,0.049600028432905674,124,2
graph_0315_n434.txt,0.2522999420762062,446,8
graph_0316_n318.txt,0.5912999622523785,296,4
graph_0317_n351.txt,0.05179992876946926,315,4
graph_0318_n380.txt,0.3532000118866563,223,4
graph_0319_n172.txt,0.07350009400397539,347,5
graph_0320_n476.txt,0.3871000371873379,254,5
graph_0321_n203.txt,0.13029994443058968,520,8
graph_0322_n292.txt,0.20000000949949026,289,4
graph_0323_n381.txt,0.012200092896819115,167,2
graph_0324_n376.txt,0.1962999813258648,283,5
graph_0325_n182.txt,0.22869999520480633,340,5
graph_0326_n213.txt,0.23479992523789406,297,6
graph_0327_n116.txt,0.10549998842179775,178,4
graph_0328_n353.txt,0.3917000722140074,377,7
graph_0329_n407.txt,0.4585999995470047,588,9
graph_0330_n442.txt,0.06290001329034567,225,4
graph_0331_n146.txt,0.1148000592365861,261,4
graph_0332_n462.txt,0.16840000171214342,190,4
graph_0333_n276.txt,0.0467000063508749,335,6
graph_0334_n328.txt,0.1230000052601099,415,6
graph_0335_n184.txt,0.7417999440804124,263,5
graph_0336_n420.txt,0.11669995728880167,365,4
graph_0337_n204.txt,0.12480001896619797,477,7
graph_0338_n297.txt,0.18199998885393143,254,3
graph_0339_n428.txt,0.07379997987300158,310,5
graph_0340_n306.txt,0.48370007425546646,497,7
graph_0341_n259.txt,0.0996999442577362,279,5
graph_0342_n393.txt,0.43569994159042835,245,6
graph_0343_n347.txt,0.16259995754808187,499,8
graph_0344_n142.txt,0.03260001540184021,196,4
graph_0345_n233.txt,0.056299963034689426,294,5
graph_0346_n285.txt,0.17919996753335,333,4
graph_0347_n326.txt,0.04409998655319214,199,3
graph_0348_n260.txt,0.06260001100599766,120,2
graph_0349_n472.txt,0.2759000053629279,310,5
graph_0350_n453.txt,0.014699995517730713,236,4
graph_0351_n240.txt,0.09720004163682461,248,4
graph_0352_n411.txt,0.17300003673881292,316,4
graph_0353_n311.txt,0.17950008623301983,525,7
graph_0354_n436.txt,0.04269997589290142,189,3
graph_0355_n248.txt,0.00879995059221983,95,1
graph_0356_n491.txt,1.0234999936074018,386,6
graph_0357_n308.txt,0.30239997431635857,315,6
graph_0358_n405.txt,0.03679993096739054,201,3
graph_0359_n423.txt,0.5779999773949385,255,5
graph_0360_n340.txt,0.14130002819001675,340,5
graph_0361_n492.txt,0.3626999678090215,464,8
graph_0362_n448.txt,0.17929996829479933,369,7
graph_0363_n362.txt,0.2845000708475709,309,5
graph_0364_n478.txt,0.017900019884109497,171,4
graph_0365_n112.txt,0.08749996777623892,323,6
graph_0366_n368.txt,0.008599949069321156,74,1
graph_0367_n395.txt,0.008800067007541656,90,1
graph_0368_n216.txt,0.19519997294992208,429,7
graph_0369_n339.txt,1.1959000257775187,452,7
graph_0370_n109.txt,0.0350000336766243,108,2
graph_0371_n299.txt,0.1412000274285674,402,6
graph_0372_n204.txt,0.012999982573091984,156,2
graph_0373_n352.txt,0.18319999799132347,264,5
graph_0374_n192.txt,0.07220008410513401,259,3
graph_0375_n466.txt,0.2397999633103609,675,10
graph_0376_n281.txt,0.09749992750585079,185,3
graph_0377_n216.txt,0.018600025214254856,131,2
graph_0378_n167.txt,0.2540999557822943,363,5
graph_0379_n188.txt,0.18550001550465822,218,4
graph_0380_n278.txt,0.07780001033097506,285,4
graph_0381_n159.txt,0.10250008199363947,232,4
graph_0382_n489.txt,0.5912999622523785,321,5
graph_0383_n455.txt,0.5037999944761395,265,5
graph_0384_n468.txt,0.547999981790781,330,5
graph_0385_n113.txt,0.009399955160915852,82,1
graph_0386_n362.txt,0.13349996879696846,364,6
graph_0387_n229.txt,0.05840009544044733,250,4
graph_0388_n275.txt,0.28899998869746923,288,5
graph_0389_n111.txt,0.09550002869218588,199,4
graph_0390_n318.txt,0.07800001185387373,252,4
graph_0391_n123.txt,0.1471000723540783,215,4
graph_0392_n439.txt,0.06230000872164965,76,1
graph_0393_n415.txt,0.561899971216917,302,5
graph_0394_n465.txt,0.1724000321701169,412,7
graph_0395_n339.txt,0.14519994147121906,369,6
graph_0396_n351.txt,0.3111000405624509,267,4
graph_0397_n472.txt,0.1270999200642109,211,4
graph_0398_n458.txt,0.8304999209940434,583,8
graph_0399_n462.txt,1.2376999948173761,284,5
graph_0400_n317.txt,0.3407999174669385,261,3
graph_0401_n444.txt,0.7960000075399876,285,5
graph_0402_n122.txt,0.04650000482797623,138,2
graph_0403_n402.txt,0.7563000544905663,245,5
graph_0404_n142.txt,0.38129999302327633,186,3
graph_0405_n352.txt,0.016200006939470768,113,2
graph_0406_n191.txt,0.1602000556886196,159,3
graph_0407_n483.txt,0.8837999776005745,426,7
graph_0408_n307.txt,0.3677000058814883,290,4
graph_0409_n448.txt,0.5580000579357147,417,6
graph_0410_n220.txt,0.3524000057950616,301,5
graph_0411_n286.txt,0.033100019209086895,35,1
graph_0412_n262.txt,0.26919995434582233,386,6
graph_0413_n371.txt,0.09490002412348986,286,5
graph_0414_n154.txt,0.01409999094903469,125,2
graph_0415_n204.txt,0.014899997040629387,227,3
graph_0416_n201.txt,0.007300055585801601,158,2
graph_0417_n195.txt,0.036199926398694515,158,2
graph_0418_n176.txt,0.08240004535764456,257,5
graph_0419_n104.txt,0.0483999028801918,448,7
graph_0420_n227.txt,0.3325999714434147,278,4
graph_0421_n143.txt,0.23180001880973577,620,9
graph_0422_n209.txt,0.018700025975704193,124,3
graph_0423_n447.txt,0.44410000555217266,285,5
graph_0424_n456.txt,0.2169000217691064,337,6
graph_0425_n316.txt,0.02819998189806938,101,2
graph_0426_n442.txt,0.5732000572606921,340,6
graph_0427_n106.txt,0.1268000341951847,219,6
graph_0428_n427.txt,0.0295999925583601,247,3
graph_0429_n315.txt,0.4132000030949712,278,4
graph_0430_n377.txt,0.1265999162569642,225,4
graph_0431_n404.txt,0.7093000458553433,403,6
graph_0432_n370.txt,0.1265000319108367,185,3
graph_0433_n316.txt,0.20629994105547667,324,5
graph_0434_n376.txt,0.5370000144466758,301,5
graph_0435_n341.txt,0.36159995943307877,393,5
graph_0436_n370.txt,0.11069991160184145,172,3
graph_0437_n152.txt,0.291600008495152,277,6
graph_0438_n309.txt,0.23260002490133047,319,4
graph_0439_n128.txt,0.10229996405541897,138,3
graph_0440_n189.txt,0.06120000034570694,209,3
graph_0441_n221.txt,0.10350008960813284,598,8
graph_0442_n161.txt,0.018400023691356182,148,2
graph_0443_n335.txt,0.21240010391920805,319,4
graph_0444_n442.txt,0.07090007420629263,528,7
graph_0445_n355.txt,0.152299995534122,297,7
graph_0446_n194.txt,0.006800051778554916,93,1
graph_0447_n397.txt,0.4504000535234809,192,4
graph_0448_n105.txt,0.020600040443241596,81,1
graph_0449_n130.txt,0.013699987903237343,165,2
graph_0450_n422.txt,0.13040006160736084,516,8
graph_0451_n223.txt,0.048299902118742466,223,3
graph_0452_n327.txt,0.3369998885318637,318,6
graph_0453_n352.txt,0.18690002616494894,224,3
graph_0454_n444.txt,0.10609999299049377,142,3
graph_0455_n113.txt,0.15139998868107796,381,6
graph_0456_n461.txt,0.9417000692337751,318,7
graph_0457_n196.txt,0.012199976481497288,74,1
graph_0458_n303.txt,0.3568000392988324,293,4
graph_0459_n318.txt,0.05979998968541622,260,5
graph_0460_n208.txt,0.014499993994832039,318,4
graph_0461_n102.txt,0.029999995604157448,251,4
graph_0462_n487.txt,0.5998999113216996,379,5
graph_0463_n350.txt,0.2570999786257744,523,8
graph_0464_n381.txt,0.41770003736019135,336,5
graph_0465_n397.txt,0.09079999290406704,223,3
graph_0466_n488.txt,0.5302999634295702,314,5
graph_0467_n107.txt,0.041599967516958714,121,3
graph_0468_n181.txt,0.2655999269336462,269,5
graph_0469_n195.txt,0.08849997539073229,182,3
graph_0470_n196.txt,0.049400026910007,307,5
graph_0471_n371.txt,0.1311999512836337,305,4
graph_0472_n447.txt,0.01750001683831215,217,3
graph_0473_n287.txt,0.37610006984323263,211,5
graph_0474_n308.txt,0.09200000204145908,223,4
graph_0475_n482.txt,0.036899931728839874,120,3
graph_0476_n452.txt,0.2714999718591571,559,8
graph_0477_n307.txt,0.006300047971308231,74,1
graph_0478_n201.txt,0.06639992352575064,571,8
graph_0479_n397.txt,0.01200009137392044,146,2
graph_0480_n215.txt,0.29170000925660133,230,4
graph_0481_n287.txt,0.30399998649954796,420,6
graph_0482_n276.txt,0.24229998234659433,223,5
graph_0483_n359.txt,0.0700000673532486,170,4
graph_0484_n128.txt,0.0673000467941165,498,7
graph_0485_n365.txt,0.16649998724460602,225,3
graph_0486_n431.txt,0.23470004089176655,443,6
graph_0487_n115.txt,0.010499963536858559,153,3
graph_0488_n149.txt,0.003800028935074806,83,1
graph_0489_n379.txt,0.35809993278235197,244,4
graph_0490_n118.txt,0.07660000119358301,411,7
graph_0491_n336.txt,0.021099927835166454,211,3
graph_0492_n400.txt,0.24859991390258074,549,10
graph_0493_n421.txt,0.08629995863884687,228,3
graph_0494_n334.txt,0.005400041118264198,16,1
graph_0495_n357.txt,0.17689995002001524,551,11
graph_0496_n290.txt,0.033400021493434906,194,3
graph_0497_n368.txt,0.2626000205054879,451,6
graph_0498_n226.txt,0.021799933165311813,145,2
graph_0499_n121.txt,0.014599994756281376,132,2
graph_0500_n209.txt,0.24040008429437876,234,5
graph_0501_n1000.txt,0.5894000642001629,269,5
graph_0502_n836.txt,0.13429997488856316,319,5
graph_0503_n992.txt,0.7172999903559685,464,6
graph_0504_n864.txt,0.861200038343668,612,9
graph_0505_n770.txt,0.5937000969424844,186,5
graph_0506_n979.txt,1.590800005942583,314,5
graph_0507_n516.txt,0.10900001507252455,255,4
graph_0508_n635.txt,0.29390002600848675,281,4
graph_0509_n889.txt,1.0963000822812319,413,6
graph_0510_n821.txt,1.648500096052885,385,7
graph_0511_n751.txt,0.32929994631558657,306,5
graph_0512_n516.txt,0.028399983420968056,156,2
graph_0513_n634.txt,0.582000007852912,252,5
graph_0514_n959.txt,0.031100003980100155,210,4
graph_0515_n675.txt,0.3218000056222081,384,6
graph_0516_n909.txt,0.11909997556358576,105,4
graph_0517_n710.txt,0.09980006143450737,381,6
graph_0518_n869.txt,0.533799990080297,914,15
graph_0519_n775.txt,0.5941999843344092,295,5
graph_0520_n859.txt,0.12989994138479233,286,4
graph_0521_n810.txt,0.0993999419733882,195,3
graph_0522_n528.txt,0.7343000033870339,445,7
graph_0523_n570.txt,0.2095999661833048,362,7
graph_0524_n693.txt,0.01910002902150154,233,3
graph_0525_n878.txt,0.3529998939484358,628,10
graph_0526_n939.txt,1.7457000212743878,389,6
graph_0527_n792.txt,0.939000048674643,507,9
graph_0528_n545.txt,0.42099994607269764,273,5
graph_0529_n694.txt,0.9931999957188964,532,8
graph_0530_n606.txt,0.08450006134808064,176,4
graph_0531_n818.txt,1.0563000105321407,280,5
graph_0532_n609.txt,0.9304999839514494,258,5
graph_0533_n807.txt,0.06909994408488274,766,10
graph_0534_n854.txt,0.8080999832600355,403,7
graph_0535_n806.txt,0.15209999401122332,275,4
graph_0536_n814.txt,0.29959995299577713,386,7
graph_0537_n992.txt,0.5440999520942569,300,6
graph_0538_n880.txt,0.7926000980660319,553,9
graph_0539_n859.txt,0.49670005682855844,278,4
graph_0540_n835.txt,0.13349996879696846,301,5
graph_0541_n790.txt,0.5750000709667802,709,12
graph_0542_n750.txt,0.2984000602737069,280,4
graph_0543_n690.txt,0.35069999285042286,327,5
graph_0544_n677.txt,0.23120001424103975,311,5
graph_0545_n685.txt,0.0171000137925148,151,2
graph_0546_n887.txt,2.9143000720068812,304,5
graph_0547_n608.txt,1.1009000008925796,346,5
graph_0548_n840.txt,0.027400092221796513,450,7
graph_0549_n661.txt,1.0359999723732471,506,6
graph_0550_n995.txt,0.9219999192282557,361,5
graph_0551_n837.txt,0.3825000021606684,199,4
graph_0552_n948.txt,0.8831999730318785,494,8
graph_0553_n974.txt,0.0782000133767724,383,7
graph_0554_n933.txt,0.6374999647960067,324,5
graph_0555_n510.txt,0.29399991035461426,343,4
graph_0556_n726.txt,1.1881999671459198,475,7
graph_0557_n735.txt,0.5112000508233905,489,8
graph_0558_n829.txt,0.42940001003444195,696,11
graph_0559_n975.txt,1.6063000075519085,366,5
graph_0560_n944.txt,0.6611000280827284,481,9
graph_0561_n531.txt,0.4980000667273998,339,5
graph_0562_n885.txt,0.3709000302478671,488,7
graph_0563_n926.txt,0.34339993726462126,252,5
graph_0564_n762.txt,0.9355999063700438,419,7
graph_0565_n668.txt,0.1561000244691968,383,6
graph_0566_n553.txt,0.026300083845853806,324,4
graph_0567_n892.txt,0.20999996922910213,163,3
graph_0568_n755.txt,0.9534999262541533,508,6
graph_0569_n647.txt,0.7006999803707004,311,4
graph_0570_n621.txt,0.219699926674366,342,7
graph_0571_n850.txt,0.3173999721184373,456,7
graph_0572_n529.txt,0.358999939635396,403,6
graph_0573_n686.txt,0.12320000678300858,240,4
graph_0574_n523.txt,0.37589995190501213,254,4
graph_0575_n595.txt,0.543300062417984,236,6
graph_0576_n566.txt,0.18789991736412048,304,5
graph_0577_n816.txt,2.7959999861195683,406,7
graph_0578_n939.txt,0.15660002827644348,340,6
graph_0579_n734.txt,0.47229998745024204,385,6
graph_0580_n587.txt,0.6190999411046505,467,8
graph_0581_n920.txt,1.0655999649316072,712,10
graph_0582_n684.txt,2.743199933320284,534,8
graph_0583_n697.txt,0.7312999805435538,380,7
graph_0584_n612.txt,0.750600011087954,326,5
graph_0585_n576.txt,0.08020002860575914,316,4
graph_0586_n714.txt,0.6760999094694853,343,5
graph_0587_n976.txt,1.004599966108799,402,6
graph_0588_n910.txt,0.6865999894216657,501,7
graph_0589_n764.txt,0.16709999181330204,393,6
graph_0590_n705.txt,1.575100002810359,509,8
graph_0591_n927.txt,2.993799978867173,382,5
graph_0592_n555.txt,3.7348000332713127,339,5
graph_0593_n539.txt,0.32029999420046806,584,10
graph_0594_n504.txt,0.09400001727044582,134,2
graph_0595_n654.txt,1.1865999549627304,342,6
graph_0596_n502.txt,1.8501000013202429,342,5
graph_0597_n746.txt,1.6697000246495008,572,9
graph_0598_n883.txt,0.16550009604543447,164,2
graph_0599_n829.txt,2.0929999882355332,428,7
graph_0600_n855.txt,1.5495999250561,237,6
graph_0601_n3307.txt,3.4090999979525805,402,7
graph_0602_n1932.txt,0.5896999500691891,199,4
graph_0603_n1935.txt,0.928599969483912,1078,17
graph_0604_n3550.txt,2.5174999609589577,455,7
graph_0605_n1583.txt,0.8850999874994159,597,8
graph_0606_n1656.txt,1.4268000377342105,850,12
graph_0607_n2818.txt,1.4387000119313598,350,6
graph_0608_n2994.txt,3.0661000637337565,395,7
graph_0609_n2608.txt,0.9210000280290842,252,4
graph_0610_n3248.txt,3.5249999491497874,520,8
graph_0611_n3342.txt,4.283100017346442,663,12
graph_0612_n1020.txt,0.7674000225961208,351,6
graph_0613_n2152.txt,2.3601000430062413,306,6
graph_0614_n1485.txt,0.7724000606685877,623,9
graph_0615_n2810.txt,5.230500013567507,425,7
graph_0616_n1475.txt,1.2438999256119132,271,4
graph_0617_n2820.txt,2.103899954818189,718,10
graph_0618_n2007.txt,5.442699999548495,387,6
graph_0619_n1267.txt,1.0115000186488032,315,7
graph_0620_n2948.txt,3.790500108152628,366,6
graph_0621_n1940.txt,0.06420002318918705,143,3
graph_0622_n1138.txt,0.06290001329034567,218,4
graph_0623_n3144.txt,1.86959991697222,261,6
graph_0624_n2282.txt,1.0353000834584236,837,13
graph_0625_n3792.txt,8.009699988178909,439,7
graph_0626_n3447.txt,1.1813999153673649,254,5
graph_0627_n2347.txt,0.41930004954338074,253,5
graph_0628_n1502.txt,0.8756000315770507,693,11
graph_0629_n1690.txt,2.39869998767972,348,6
graph_0630_n1493.txt,0.8494999492540956,219,6
graph_0631_n2214.txt,1.8405999289825559,310,6
graph_0632_n3357.txt,3.183300024829805,512,8
graph_0633_n1762.txt,0.5954001098871231,252,4
graph_0634_n1843.txt,1.4651999808847904,358,5
graph_0635_n2121.txt,0.8299999171867967,709,11
graph_0636_n1109.txt,0.057200086303055286,170,3
graph_0637_n1946.txt,0.39139995351433754,229,4
graph_0638_n3326.txt,1.4045999851077795,736,12
graph_0639_n1693.txt,0.7698000408709049,379,5
graph_0640_n1902.txt,3.008000086992979,394,6
graph_0641_n2014.txt,0.028499984182417393,79,1
graph_0642_n1500.txt,0.3442000597715378,392,6
graph_0643_n3217.txt,2.8652000473812222,790,12
graph_0644_n1748.txt,1.9588000141084194,565,8
graph_0645_n3457.txt,1.726499991491437,821,12
graph_0646_n3170.txt,4.765899968333542,546,10
graph_0647_n2396.txt,1.0670999763533473,319,5
graph_0648_n2664.txt,0.8275000145658851,291,5
graph_0649_n3662.txt,3.5689000505954027,953,15
graph_0650_n3906.txt,0.8281000191345811,268,5
graph_0651_n3014.txt,2.2293999791145325,861,15
graph_0652_n3387.txt,0.5680000176653266,377,6
graph_0653_n3451.txt,5.909200059249997,409,7
graph_0654_n1409.txt,2.316799946129322,417,6
graph_0655_n2744.txt,2.4658000329509377,450,10
graph_0656_n3202.txt,2.6271999813616276,565,9
graph_0657_n2438.txt,4.932499956339598,402,5
graph_0658_n2279.txt,0.867399969138205,375,6
graph_0659_n2588.txt,4.004500107839704,372,6
graph_0660_n3678.txt,0.28659997042268515,514,8
graph_0661_n3170.txt,1.348600024357438,370,5
graph_0662_n2689.txt,0.6467999191954732,296,4
graph_0663_n2000.txt,1.2303999392315745,380,5
graph_0664_n2643.txt,0.12940005399286747,581,8
graph_0665_n1367.txt,0.3648001002147794,267,6
graph_0666_n1765.txt,0.07910002022981644,177,3
graph_0667_n1490.txt,0.8065999718382955,294,5
graph_0668_n2863.txt,2.387499902397394,705,11
graph_0669_n1741.txt,0.6558999884873629,717,12
graph_0670_n3665.txt,0.26919995434582233,389,6
graph_0671_n3298.txt,3.81380005273968,516,8
graph_0672_n3836.txt,3.2367000821977854,427,8
graph_0673_n1976.txt,0.5134999519214034,367,7
graph_0674_n2494.txt,3.6138000432401896,402,6
graph_0675_n1699.txt,0.36830001045018435,196,4
graph_0676_n2257.txt,2.5978999910876155,519,8
graph_0677_n2327.txt,3.5045999102294445,373,6
graph_0678_n1111.txt,0.4955000476911664,415,6
graph_0679_n1706.txt,0.13299996498972178,401,6
graph_0680_n3610.txt,2.561299945227802,494,9
graph_0681_n2358.txt,1.6092000296339393,356,6
graph_0682_n1788.txt,1.4808999840170145,739,11
graph_0683_n3251.txt,2.4837000528350472,304,7
graph_0684_n1461.txt,0.18770003225654364,260,6
graph_0685_n1415.txt,1.8823000136762857,432,8
graph_0686_n3686.txt,2.3291000397875905,559,9
graph_0687_n1001.txt,0.3364000003784895,598,9
graph_0688_n2522.txt,2.7020000852644444,362,6
graph_0689_n3476.txt,3.4721000120043755,597,9
graph_0690_n3148.txt,2.7155999559909105,687,10
graph_0691_n3976.txt,1.4199999859556556,501,10
graph_0692_n1881.txt,0.6271000020205975,754,10
graph_0693_n1150.txt,0.6496000569313765,722,14
graph_0694_n1868.txt,0.10149995796382427,177,3
graph_0695_n1191.txt,1.1828000424429774,588,10
graph_0696_n2726.txt,1.547300023958087,341,5
graph_0697_n3858.txt,1.1132999788969755,513,8
graph_0698_n1269.txt,0.8699999889358878,411,7
graph_0699_n3013.txt,4.79139992967248,549,9
graph_0700_n1380.txt,0.9440000867471099,485,7
graph_0701_n4087.txt,0.2810000441968441,325,5
graph_0702_n4305.txt,4.272599937394261,644,13
graph_0703_n4215.txt,1.8256999319419265,832,12
graph_0704_n4611.txt,3.7449999945238233,599,9
graph_0705_n4787.txt,3.642300027422607,1277,20
graph_0706_n4318.txt,0.11630007065832615,217,3
graph_0707_n4586.txt,3.3270000712946057,788,11
graph_0708_n4116.txt,7.836200064048171,533,9
graph_0709_n4556.txt,5.906199919991195,859,13
graph_0710_n4718.txt,6.6917999647557735,670,9
graph_0711_n4260.txt,1.6603999538347125,685,9
graph_0712_n4320.txt,1.6734000528231263,539,8
graph_0713_n4989.txt,0.3942999755963683,382,5
graph_0714_n4285.txt,3.7827000487595797,658,9
graph_0715_n4959.txt,5.380899994634092,439,6
graph_0716_n4868.txt,3.2903000246733427,492,8
graph_0717_n4185.txt,1.877299975603819,652,11
graph_0718_n4351.txt,5.910099949687719,328,7
graph_0719_n4844.txt,0.4154000198468566,249,3
graph_0720_n4290.txt,1.6741999424993992,355,6
graph_0721_n4167.txt,2.4349999148398638,1011,16
graph_0722_n4227.txt,2.8723999857902527,785,14
graph_0723_n4595.txt,10.52829995751381,340,6
graph_0724_n4102.txt,3.8403000216931105,815,13
graph_0725_n4363.txt,0.9426000760868192,677,11
graph_0726_n4498.txt,0.5175999831408262,308,4
graph_0727_n4062.txt,3.270299988798797,659,11
graph_0728_n4847.txt,6.235499982722104,592,9
graph_0729_n4243.txt,2.226299955509603,683,10
graph_0730_n4486.txt,6.9700999883934855,498,8
graph_0731_n4166.txt,0.8270000107586384,310,5
graph_0732_n4231.txt,1.1189000215381384,467,8
graph_0733_n4778.txt,4.106299951672554,604,10
graph_0734_n4652.txt,0.939000048674643,459,6
graph_0735_n4213.txt,2.0122999558225274,667,10
graph_0736_n4226.txt,2.9002000810578465,353,5
graph_0737_n4281.txt,4.31030010804534,584,10
graph_0738_n4939.txt,2.3210999788716435,367,6
graph_0739_n4525.txt,14.015800086781383,987,17
graph_0740_n4078.txt,10.405200067907572,472,8
graph_0741_n4421.txt,13.27060000039637,435,7
graph_0742_n4297.txt,10.643400019034743,477,6
graph_0743_n4414.txt,7.487499970011413,536,8
graph_0744_n4296.txt,1.9024999346584082,400,8
graph_0745_n4977.txt,0.15680002979934216,208,4
graph_0746_n4066.txt,7.492999895475805,837,14
graph_0747_n4863.txt,31.82680008467287,359,7
graph_0748_n4391.txt,6.837400025688112,717,12
graph_0749_n4082.txt,4.21090004965663,472,9
graph_0750_n4730.txt,5.3906000684946775,287,6
graph_0751_n5612.txt,2.287900075316429,728,11
graph_0752_n5855.txt,2.686499967239797,398,6
graph_0753_n5184.txt,16.10959996469319,526,10
graph_0754_n5951.txt,1.7701999749988317,717,11
graph_0755_n5517.txt,9.611700079403818,406,6
graph_0756_n5017.txt,0.44730002991855145,313,5
graph_0757_n5017.txt,0.22310006897896528,221,3
graph_0758_n5496.txt,1.4518999960273504,308,5
graph_0759_n5140.txt,4.692399990744889,1076,16
graph_0760_n5072.txt,2.980099990963936,335,5
graph_0761_n5780.txt,1.447899965569377,645,9
graph_0762_n5835.txt,5.20769995637238,405,7
graph_0763_n5180.txt,6.122800055891275,346,6
graph_0764_n5321.txt,7.477800012566149,458,8
graph_0765_n5389.txt,5.3860999178141356,391,5
graph_0766_n5080.txt,10.743699967861176,456,8
graph_0767_n5124.txt,4.265299998223782,287,5
graph_0768_n5809.txt,12.203999911434948,495,8
graph_0769_n5526.txt,8.93430004362017,783,12
graph_0770_n5561.txt,1.0160000529140234,512,9
graph_0771_n5643.txt,7.866899948567152,508,7
graph_0772_n5213.txt,11.75230008084327,481,8
graph_0773_n5841.txt,10.607899981550872,584,8
graph_0774_n5076.txt,9.835900040343404,440,9
graph_0775_n5811.txt,4.585099988617003,315,6
graph_0776_n5257.txt,10.95629995688796,450,7
graph_0777_n5130.txt,0.4227999597787857,344,5
graph_0778_n5095.txt,0.7212000200524926,292,4
graph_0779_n5073.txt,17.477900022640824,454,7
graph_0780_n5317.txt,14.499699929729104,375,7
graph_0781_n5100.txt,3.3271999564021826,555,8
graph_0782_n5448.txt,0.8931000484153628,367,6
graph_0783_n5224.txt,8.781699929386377,374,8
graph_0784_n5428.txt,4.290200071409345,387,7
graph_0785_n5706.txt,10.378300095908344,458,8
graph_0786_n5862.txt,11.154199950397015,536,8
graph_0787_n5613.txt,23.775800014846027,365,6
graph_0788_n5081.txt,8.786499965935946,304,5
graph_0789_n5685.txt,3.132799989543855,440,8
graph_0790_n5261.txt,19.30970000103116,571,8
graph_0791_n5090.txt,4.523099982179701,278,5
graph_0792_n5079.txt,6.887199939228594,529,7
graph_0793_n5882.txt,5.375700071454048,785,13
graph_0794_n5546.txt,0.4696999676525593,227,4
graph_0795_n5998.txt,5.502199986949563,640,11
graph_0796_n5354.txt,9.949099970981479,494,9
graph_0797_n5396.txt,1.6046001110225916,292,6
graph_0798_n5829.txt,6.240200018510222,506,7
graph_0799_n5581.txt,3.577499999664724,333,7
graph_0800_n5438.txt,0.045900000259280205,199,4
graph_0801_n6215.txt,11.816199985332787,287,6
graph_0802_n6264.txt,10.043299989774823,366,6
graph_0803_n6807.txt,6.441500037908554,309,6
graph_0804_n6615.txt,4.422099911607802,1203,18
graph_0805_n6136.txt,0.41859992779791355,676,11
graph_0806_n6826.txt,7.510500028729439,322,6
graph_0807_n6558.txt,17.568600014783442,497,8
graph_0808_n6777.txt,3.7329000188037753,324,5
graph_0809_n6717.txt,3.8562000263482332,362,4
graph_0810_n6366.txt,8.407099987380207,338,5
graph_0811_n6282.txt,3.2236999832093716,304,6
graph_0812_n6832.txt,12.099799932911992,458,8
graph_0813_n6681.txt,10.678500053472817,456,7
graph_0814_n6781.txt,1.7723999917507172,290,5
graph_0815_n6351.txt,7.434500032104552,599,9
graph_0816_n6117.txt,7.888199994340539,561,9
graph_0817_n6301.txt,0.10159995872527361,226,4
graph_0818_n6931.txt,10.966899921186268,735,11
graph_0819_n6784.txt,11.928800027817488,599,8
graph_0820_n6485.txt,1.3549999566748738,335,5
graph_0821_n6819.txt,5.207299953326583,253,6
graph_0822_n6746.txt,4.210899933241308,327,6
graph_0823_n6790.txt,13.706799945794046,501,6
graph_0824_n6193.txt,8.033299935050309,507,9
graph_0825_n6877.txt,5.220299935899675,418,7
graph_0826_n6418.txt,6.3013999024406075,473,8
graph_0827_n6378.txt,9.894000017084181,437,7
graph_0828_n6142.txt,14.418000006116927,447,6
graph_0829_n6225.txt,11.113899992778897,500,8
graph_0830_n6576.txt,12.926699942909181,368,7
graph_0831_n6065.txt,1.1082999408245087,479,9
graph_0832_n6373.txt,16.13630005158484,441,7
graph_0833_n6953.txt,8.59179999679327,482,6
graph_0834_n6698.txt,2.4370999308303,863,16
graph_0835_n6752.txt,1.165800029411912,658,12
graph_0836_n6714.txt,9.60499991197139,373,8
graph_0837_n6413.txt,8.51469999179244,738,12
graph_0838_n6918.txt,0.05030003376305103,156,3
graph_0839_n6505.txt,2.749999985098839,590,9
graph_0840_n6067.txt,8.261800045147538,378,7
graph_0841_n6976.txt,16.70400006696582,483,7
graph_0842_n6818.txt,8.183100027963519,874,14
graph_0843_n6276.txt,0.14189991634339094,516,8
graph_0844_n6446.txt,0.20739994943141937,461,7
graph_0845_n6067.txt,9.626999963074923,557,7
graph_0846_n6441.txt,8.066399954259396,371,8
graph_0847_n6294.txt,7.742799934931099,371,8
graph_0848_n6094.txt,4.483899916522205,707,10
graph_0849_n6560.txt,1.3615000061690807,779,12
graph_0850_n6103.txt,2.6769000105559826,752,10
graph_0851_n7639.txt,29.754100018180907,627,10
graph_0852_n7043.txt,9.06289997510612,494,9
graph_0853_n7896.txt,3.4305999288335443,799,12
graph_0854_n7148.txt,12.65869999770075,786,10
graph_0855_n7225.txt,15.845999936573207,371,7
graph_0856_n7363.txt,9.64509998448193,603,9
graph_0857_n7877.txt,21.941400016658008,588,8
graph_0858_n7383.txt,4.607500042766333,570,11
graph_0859_n7177.txt,3.831599955447018,422,7
graph_0860_n7726.txt,12.231700005941093,865,13
graph_0861_n7658.txt,2.057999954558909,349,6
graph_0862_n7151.txt,0.29230001382529736,329,4
graph_0863_n7917.txt,2.2445000940933824,463,8
graph_0864_n7052.txt,0.6540000904351473,478,6
graph_0865_n7726.txt,4.081399994902313,376,6
graph_0866_n7593.txt,2.943200059235096,825,12
graph_0867_n7860.txt,13.02790001500398,437,8
graph_0868_n7383.txt,12.512100045569241,595,10
graph_0869_n7280.txt,3.4304000437259674,357,6
graph_0870_n7930.txt,4.1022999212145805,776,12
graph_0871_n7284.txt,6.504999939352274,1131,14
graph_0872_n7223.txt,10.979500017128885,524,7
graph_0873_n7027.txt,6.479000090621412,361,7
graph_0874_n7482.txt,18.724099965766072,483,8
graph_0875_n7741.txt,2.27119994815439,239,5
graph_0876_n7979.txt,6.771799991838634,545,9
graph_0877_n7253.txt,8.3576999604702,364,8
graph_0878_n7291.txt,0.7582999533042312,308,5
graph_0879_n7956.txt,4.270700039342046,894,13
graph_0880_n7720.txt,5.019299918785691,408,7
graph_0881_n7022.txt,3.226800006814301,418,6
graph_0882_n7673.txt,11.468200013041496,621,10
graph_0883_n7439.txt,11.233199969865382,783,13
graph_0884_n7131.txt,8.259500027634203,689,11
graph_0885_n7839.txt,18.172199954278767,467,8
graph_0886_n7498.txt,2.17179988976568,513,7
graph_0887_n7987.txt,2.0280000753700733,523,9
graph_0888_n7864.txt,15.904399915598333,450,8
graph_0889_n7297.txt,1.9178999355062842,332,6
graph_0890_n7604.txt,4.196099936962128,489,8
graph_0891_n7117.txt,6.592100020498037,267,6
graph_0892_n7708.txt,7.309800013899803,734,10
graph_0893_n7210.txt,7.606400060467422,528,10
graph_0894_n7602.txt,7.136199972592294,503,9
graph_0895_n7923.txt,11.125800083391368,487,10
graph_0896_n7999.txt,8.416400058194995,519,7
graph_0897_n7528.txt,3.301100106909871,415,5
graph_0898_n7475.txt,6.078700069338083,520,7
graph_0899_n7530.txt,6.392700015567243,516,8
graph_0900_n7794.txt,0.8058000821620226,343,5
graph_0901_n8239.txt,7.5012999586761,609,10
graph_0902_n8570.txt,25.02419997472316,471,8
graph_0903_n8642.txt,1.4414999168366194,381,7
graph_0904_n8265.txt,11.851800023578107,453,7
graph_0905_n8906.txt,7.454400067217648,459,7
graph_0906_n8949.txt,1.1891999747604132,405,5
graph_0907_n8470.txt,5.89550007134676,901,13
graph_0908_n8377.txt,8.265800075605512,591,9
graph_0909_n8362.txt,4.931999952532351,851,13
graph_0910_n8392.txt,5.18410000950098,510,8
graph_0911_n8471.txt,8.662600070238113,1270,18
graph_0912_n8305.txt,12.533900095149875,694,10
graph_0913_n8573.txt,11.779800057411194,543,9
graph_0914_n8109.txt,3.8550999015569687,664,10
graph_0915_n8958.txt,1.3501999201253057,505,8
graph_0916_n8146.txt,5.451699951663613,455,7
graph_0917_n8125.txt,13.8264000415802,811,13
graph_0918_n8841.txt,2.804699935950339,546,8
graph_0919_n8489.txt,2.903599990531802,944,13
graph_0920_n8369.txt,17.222599941305816,450,7
graph_0921_n8940.txt,0.5802999949082732,624,11
graph_0922_n8821.txt,9.806000045500696,637,12
graph_0923_n8536.txt,4.8062000423669815,501,7
graph_0924_n8217.txt,13.566500041633844,442,8
graph_0925_n8593.txt,14.312200015410781,554,8
graph_0926_n8975.txt,2.3754999274387956,942,15
graph_0927_n8688.txt,0.8678999729454517,575,8
graph_0928_n8044.txt,0.7461999775841832,604,9
graph_0929_n8448.txt,11.552799958735704,612,11
graph_0930_n8408.txt,2.8999000787734985,723,13
graph_0931_n8673.txt,12.992999982088804,354,8
graph_0932_n8631.txt,2.092899987474084,611,11
graph_0933_n8613.txt,1.9370999652892351,362,6
graph_0934_n8595.txt,3.0065999599173665,965,19
graph_0935_n8921.txt,23.77540001180023,651,10
graph_0936_n8572.txt,7.739100023172796,507,10
graph_0937_n8932.txt,1.7810999415814877,590,8
graph_0938_n8189.txt,27.343899942934513,519,8
graph_0939_n8447.txt,18.91720003914088,499,9
graph_0940_n8519.txt,8.631000062450767,515,8
graph_0941_n8939.txt,7.343099918216467,532,10
graph_0942_n8158.txt,7.074799970723689,746,12
graph_0943_n8512.txt,2.660500002093613,609,11
graph_0944_n8083.txt,13.087200000882149,432,7
graph_0945_n8417.txt,1.1341999052092433,406,6
graph_0946_n8128.txt,17.678900039754808,577,9
graph_0947_n8394.txt,15.110600041225553,375,7
graph_0948_n8494.txt,7.685299962759018,329,5
graph_0949_n8946.txt,14.19509993866086,399,8
graph_0950_n8945.txt,1.7464999109506607,519,8
graph_0951_n9286.txt,15.623299987055361,844,11
graph_0952_n9880.txt,39.32849992997944,477,7
graph_0953_n9616.txt,12.993999989703298,484,7
graph_0954_n9767.txt,6.545300013385713,833,13
graph_0955_n9889.txt,10.4321000399068,343,7
graph_0956_n9344.txt,1.8548999214544892,552,8
graph_0957_n9565.txt,4.4374000281095505,479,6
graph_0958_n9122.txt,6.657500052824616,545,9
graph_0959_n9161.txt,9.514700039289892,824,14
graph_0960_n9494.txt,9.51050000730902,924,16
graph_0961_n9838.txt,1.9398999866098166,433,7
graph_0962_n9508.txt,20.754100056365132,487,10
graph_0963_n9366.txt,8.800000068731606,412,6
graph_0964_n9737.txt,3.4304000437259674,782,14
graph_0965_n9885.txt,14.14759992621839,595,8
graph_0966_n9377.txt,6.43030006904155,572,8
graph_0967_n9682.txt,5.950699909590185,791,16
graph_0968_n9720.txt,14.342499896883965,398,7
graph_0969_n9180.txt,0.4243000876158476,214,4
graph_0970_n9696.txt,1.9327000482007861,530,8
graph_0971_n9346.txt,1.068499987013638,672,10
graph_0972_n9275.txt,21.557700005359948,546,7
graph_0973_n9853.txt,21.832300000824034,572,9
graph_0974_n9482.txt,10.548199992626905,515,7
graph_0975_n9364.txt,20.34389995969832,545,7
graph_0976_n9266.txt,12.330500059761107,518,8
graph_0977_n9987.txt,27.896400075405836,436,8
graph_0978_n9006.txt,4.383499966934323,320,7
graph_0979_n9989.txt,10.033799917437136,727,11
graph_0980_n9914.txt,21.14259998779744,515,7
graph_0981_n9822.txt,12.92079989798367,729,11
graph_0982_n9705.txt,5.427399999462068,341,6
graph_0983_n9026.txt,5.6287000188604,455,7
graph_0984_n9835.txt,27.27610000874847,597,9
graph_0985_n9888.txt,0.7050000131130219,418,6
graph_0986_n9662.txt,5.41380001232028,473,7
graph_0987_n9166.txt,8.76499991863966,556,10
graph_0988_n9686.txt,21.636800025589764,670,10
graph_0989_n9619.txt,12.7834000159055,455,8
graph_0990_n9760.txt,20.621800096705556,394,7
graph_0991_n9008.txt,3.569499938748777,927,15
graph_0992_n9539.txt,1.9733000081032515,377,6
graph_0993_n9178.txt,12.573500047437847,529,8
graph_0994_n9051.txt,9.714999934658408,409,7
graph_0995_n9819.txt,10.286299977451563,619,8
graph_0996_n9870.txt,3.8283999310806394,715,13
graph_0997_n9498.txt,4.185600089840591,624,8
graph_0998_n9538.txt,7.963200099766254,493,10
graph_0999_n9158.txt,7.211899966932833,619,11
graph_1000_n9759.txt,25.850299978628755,432,8
