graph_file,execution_time_ms,fuzzy_cost_real,fuzzy_path_length
graph_0001_n43.txt,0.06530003156512976,198,3
graph_0002_n20.txt,0.009199953638017178,59,1
graph_0003_n9.txt,0.0076999422162771225,53,1
graph_0004_n74.txt,0.012500095181167126,111,2
graph_0005_n85.txt,0.005499925464391708,70,1
graph_0006_n98.txt,0.06310001481324434,165,3
graph_0007_n3.txt,0.004600035026669502,31,1
graph_0008_n58.txt,0.02759997732937336,148,3
graph_0009_n17.txt,0.0078000593930482864,80,1
graph_0010_n61.txt,0.09550002869218588,226,3
graph_0011_n80.txt,0.017200014553964138,117,2
graph_0012_n64.txt,0.05180004518479109,210,3
graph_0013_n48.txt,0.015199999324977398,139,2
graph_0014_n39.txt,0.021600048057734966,139,2
graph_0015_n91.txt,0.041100080125033855,272,6
graph_0016_n65.txt,0.06310001481324434,228,3
graph_0017_n44.txt,0.06400002166628838,259,4
graph_0018_n51.txt,0.10310008656233549,202,3
graph_0019_n24.txt,0.016200006939470768,92,1
graph_0020_n19.txt,0.005900044925510883,56,1
graph_0021_n9.txt,0.01009996049106121,96,2
graph_0022_n6.txt,0.0100000761449337,40,1
graph_0023_n84.txt,0.1775000710040331,353,6
graph_0024_n45.txt,0.014499993994832039,138,2
graph_0025_n39.txt,0.007300055585801601,72,1
graph_0026_n69.txt,0.04469999112188816,190,3
graph_0027_n49.txt,0.09400001727044582,248,4
graph_0028_n66.txt,0.06210000719875097,175,3
graph_0029_n25.txt,0.031000003218650818,125,2
graph_0030_n98.txt,0.14789996203035116,233,3
graph_0031_n56.txt,0.026799971237778664,304,5
graph_0032_n55.txt,0.02789997961372137,203,3
graph_0033_n95.txt,0.03220001235604286,177,3
graph_0034_n33.txt,0.0070999376475811005,118,2
graph_0035_n94.txt,0.0798000255599618,241,4
graph_0036_n86.txt,0.01209997572004795,95,1
graph_0037_n94.txt,0.029399991035461426,112,2
graph_0038_n46.txt,0.05549995694309473,117,2
graph_0039_n4.txt,0.054200063459575176,73,1
graph_0040_n66.txt,0.027499976567924023,268,5
graph_0041_n33.txt,0.00879995059221983,48,1
graph_0042_n87.txt,0.05430006422102451,327,6
graph_0043_n33.txt,0.057399971410632133,263,4
graph_0044_n33.txt,0.029099988751113415,162,2
graph_0045_n83.txt,0.05740008782595396,245,3
graph_0046_n62.txt,0.019600032828748226,91,1
graph_0047_n9.txt,0.005400041118264198,49,1
graph_0048_n49.txt,0.014699995517730713,169,3
graph_0049_n78.txt,0.09380001574754715,309,5
graph_0050_n93.txt,0.04029995761811733,281,4
graph_0051_n44.txt,0.00900006853044033,150,2
graph_0052_n48.txt,0.005900044925510883,71,1
graph_0053_n44.txt,0.01950003206729889,147,3
graph_0054_n81.txt,0.03630004357546568,222,5
graph_0055_n7.txt,0.02220005262643099,115,2
graph_0056_n25.txt,0.025699962861835957,109,2
graph_0057_n78.txt,0.02089992631226778,126,2
graph_0058_n13.txt,0.00879995059221983,33,2
graph_0059_n62.txt,0.0076999422162771225,69,1
graph_0060_n80.txt,0.031100003980100155,478,8
graph_0061_n64.txt,0.022399937734007835,176,2
graph_0062_n96.txt,0.0377000542357564,166,3
graph_0063_n30.txt,0.01910002902150154,129,2
graph_0064_n39.txt,0.03550003748387098,175,4
graph_0065_n67.txt,0.03750005271285772,136,2
graph_0066_n40.txt,0.018900027498602867,136,2
graph_0067_n73.txt,0.050900038331747055,143,2
graph_0068_n45.txt,0.04329998046159744,172,3
graph_0069_n21.txt,0.02289994154125452,183,2
graph_0070_n85.txt,0.01209997572004795,187,3
graph_0071_n36.txt,0.00600004568696022,75,1
graph_0072_n44.txt,0.03330002073198557,191,3
graph_0073_n94.txt,0.0039000296965241432,25,1
graph_0074_n29.txt,0.019900035113096237,184,3
graph_0075_n27.txt,0.010400079190731049,123,3
graph_0076_n52.txt,0.0396000687032938,383,6
graph_0077_n88.txt,0.002800021320581436,60,1
graph_0078_n21.txt,0.01989991869777441,125,2
graph_0079_n75.txt,0.005100038833916187,21,1
graph_0080_n86.txt,0.003400025889277458,73,1
graph_0081_n19.txt,0.006500049494206905,98,2
graph_0082_n32.txt,0.02819998189806938,260,3
graph_0083_n76.txt,0.026900088414549828,201,4
graph_0084_n33.txt,0.018400023691356182,201,4
graph_0085_n52.txt,0.005499925464391708,74,1
graph_0086_n10.txt,0.00500003807246685,30,1
graph_0087_n89.txt,0.030800001695752144,255,4
graph_0088_n43.txt,0.0034999102354049683,85,1
graph_0089_n72.txt,0.016900012269616127,124,2
graph_0090_n43.txt,0.01580000389367342,109,2
graph_0091_n38.txt,0.022799940779805183,92,2
graph_0092_n49.txt,0.07129996083676815,103,2
graph_0093_n34.txt,0.021200045011937618,102,2
graph_0094_n86.txt,0.007900060154497623,61,1
graph_0095_n36.txt,0.017600017599761486,175,2
graph_0096_n6.txt,0.008699949830770493,88,1
graph_0097_n43.txt,0.00879995059221983,80,1
graph_0098_n33.txt,0.014199991710484028,120,2
graph_0099_n72.txt,0.016300007700920105,82,3
graph_0100_n37.txt,0.015900004655122757,128,3
graph_0101_n5.txt,0.01409999094903469,88,1
graph_0102_n57.txt,0.04299997817724943,172,2
graph_0103_n57.txt,0.021900050342082977,229,4
graph_0104_n48.txt,0.017900019884109497,199,3
graph_0105_n15.txt,0.004900037311017513,83,1
graph_0106_n19.txt,0.002900022082030773,78,1
graph_0107_n35.txt,0.0067999353632330894,29,1
graph_0108_n92.txt,0.08050003089010715,267,5
graph_0109_n79.txt,0.027099973522126675,321,5
graph_0110_n99.txt,0.04680000711232424,340,6
graph_0111_n31.txt,0.008400063961744308,65,1
graph_0112_n39.txt,0.03900006413459778,290,4
graph_0113_n28.txt,0.003999914042651653,96,1
graph_0114_n47.txt,0.063000014051795,232,4
graph_0115_n37.txt,0.008599949069321156,113,3
graph_0116_n90.txt,0.01880002673715353,167,2
graph_0117_n76.txt,0.10159995872527361,228,5
graph_0118_n93.txt,0.06560003384947777,620,8
graph_0119_n46.txt,0.039800070226192474,96,2
graph_0120_n88.txt,0.10520010255277157,298,6
graph_0121_n84.txt,0.00809994526207447,65,2
graph_0122_n64.txt,0.038400059565901756,105,2
graph_0123_n51.txt,0.021000043489038944,105,2
graph_0124_n89.txt,0.07119996007531881,134,2
graph_0125_n89.txt,0.047999899834394455,172,4
graph_0126_n77.txt,0.012999982573091984,40,1
graph_0127_n70.txt,0.18809991888701916,215,4
graph_0128_n97.txt,0.251700053922832,271,4
graph_0129_n92.txt,0.045199994929134846,85,2
graph_0130_n56.txt,0.06760004907846451,157,3
graph_0131_n21.txt,0.02050003968179226,211,3
graph_0132_n28.txt,0.017399899661540985,88,1
graph_0133_n88.txt,0.05619996227324009,164,4
graph_0134_n49.txt,0.004800036549568176,66,1
graph_0135_n48.txt,0.02989999484270811,250,4
graph_0136_n10.txt,0.009300070814788342,134,2
graph_0137_n49.txt,0.014899997040629387,111,3
graph_0138_n13.txt,0.0071999384090304375,41,1
graph_0139_n80.txt,0.0996999442577362,249,4
graph_0140_n13.txt,0.008900067768990993,95,1
graph_0141_n17.txt,0.011399970389902592,70,1
graph_0142_n62.txt,0.04079996142536402,274,5
graph_0143_n82.txt,0.0077999429777264595,72,1
graph_0144_n40.txt,0.05050003528594971,203,3
graph_0145_n79.txt,0.03890006337314844,131,3
graph_0146_n48.txt,0.008699949830770493,105,2
graph_0147_n19.txt,0.02189993392676115,122,2
graph_0148_n45.txt,0.02629996743053198,101,3
graph_0149_n51.txt,0.029499991796910763,171,3
graph_0150_n68.txt,0.12510002125054598,215,5
graph_0151_n13.txt,0.006400048732757568,182,2
graph_0152_n32.txt,0.053900061175227165,278,5
graph_0153_n53.txt,0.0969000393524766,223,3
graph_0154_n35.txt,0.01589988823980093,165,2
graph_0155_n72.txt,0.11430005542933941,378,7
graph_0156_n100.txt,0.15950005035847425,247,6
graph_0157_n56.txt,0.005300040356814861,86,1
graph_0158_n54.txt,0.023300061002373695,242,4
graph_0159_n99.txt,0.03979995381087065,310,4
graph_0160_n28.txt,0.015199999324977398,124,2
graph_0161_n10.txt,0.004500034265220165,21,1
graph_0162_n36.txt,0.017600017599761486,124,2
graph_0163_n43.txt,0.02729997504502535,289,5
graph_0164_n32.txt,0.019700033590197563,243,4
graph_0165_n60.txt,0.0097999582067132,88,3
graph_0166_n8.txt,0.004400033503770828,25,1
graph_0167_n72.txt,0.0035999109968543053,41,1
graph_0168_n13.txt,0.008399947546422482,45,1
graph_0169_n9.txt,0.00900006853044033,97,1
graph_0170_n56.txt,0.03090000245720148,174,3
graph_0171_n80.txt,0.017000013031065464,218,3
graph_0172_n12.txt,0.0127000967040658,104,2
graph_0173_n5.txt,0.006100046448409557,94,1
graph_0174_n23.txt,0.018000020645558834,169,3
graph_0175_n87.txt,0.04569999873638153,386,7
graph_0176_n55.txt,0.016200006939470768,164,2
graph_0177_n31.txt,0.00870006624609232,98,1
graph_0178_n77.txt,0.09789993055164814,251,4
graph_0179_n8.txt,0.012399978004395962,181,2
graph_0180_n46.txt,0.02289994154125452,323,5
graph_0181_n4.txt,0.0069999368861317635,51,1
graph_0182_n91.txt,0.005900044925510883,40,1
graph_0183_n86.txt,0.06059999577701092,253,3
graph_0184_n100.txt,0.04179996903985739,381,7
graph_0185_n48.txt,0.011899974197149277,22,1
graph_0186_n78.txt,0.05949998740106821,192,4
graph_0187_n31.txt,0.031400006264448166,105,3
graph_0188_n45.txt,0.013599987141788006,70,2
graph_0189_n39.txt,0.009499955922365189,183,3
graph_0190_n27.txt,0.010599964298307896,109,2
graph_0191_n22.txt,0.011200085282325745,71,2
graph_0192_n85.txt,0.11530006304383278,308,5
graph_0193_n89.txt,0.06610003765672445,218,3
graph_0194_n60.txt,0.0439999857917428,263,4
graph_0195_n42.txt,0.06829993799328804,206,4
graph_0196_n75.txt,0.027699978090822697,140,3
graph_0197_n82.txt,0.062000006437301636,284,4
graph_0198_n18.txt,0.008100061677396297,91,2
graph_0199_n70.txt,0.03260001540184021,239,4
graph_0200_n61.txt,0.025099958293139935,404,6
graph_0201_n40.txt,0.05749997217208147,268,5
graph_0202_n29.txt,0.007999944500625134,66,1
graph_0203_n86.txt,0.06419990677386522,265,4
graph_0204_n56.txt,0.048900023102760315,201,3
graph_0205_n6.txt,0.0074999406933784485,52,1
graph_0206_n81.txt,0.03290001768618822,197,3
graph_0207_n76.txt,0.015199999324977398,119,2
graph_0208_n97.txt,0.055299955420196056,113,2
graph_0209_n26.txt,0.015700003132224083,84,2
graph_0210_n31.txt,0.004200031980872154,72,1
graph_0211_n72.txt,0.02829998265951872,345,6
graph_0212_n30.txt,0.002800021320581436,23,1
graph_0213_n66.txt,0.006900052540004253,129,2
graph_0214_n86.txt,0.09890005458146334,273,4
graph_0215_n8.txt,0.005100038833916187,64,2
graph_0216_n91.txt,0.022900057956576347,264,4
graph_0217_n26.txt,0.013999990187585354,194,3
graph_0218_n26.txt,0.0028999056667089462,94,1
graph_0219_n72.txt,0.063000014051795,201,3
graph_0220_n61.txt,0.06939994636923075,206,3
graph_0221_n60.txt,0.05110003985464573,269,5
graph_0222_n68.txt,0.015600002370774746,170,3
graph_0223_n28.txt,0.00600004568696022,75,1
graph_0224_n82.txt,0.43999997433274984,220,3
graph_0225_n91.txt,0.036199926398694515,125,3
graph_0226_n7.txt,0.01179997343569994,95,1
graph_0227_n52.txt,0.07419998291879892,290,4
graph_0228_n79.txt,0.13880000915378332,326,6
graph_0229_n5.txt,0.011199968867003918,47,2
graph_0230_n39.txt,0.11390005238354206,188,3
graph_0231_n48.txt,0.01309998333454132,70,2
graph_0232_n96.txt,0.03659992944449186,86,3
graph_0233_n59.txt,0.021000043489038944,156,2
graph_0234_n65.txt,0.004399917088449001,32,1
graph_0235_n96.txt,0.028099981136620045,148,2
graph_0236_n84.txt,0.12670003343373537,419,7
graph_0237_n94.txt,0.1441999338567257,237,3
graph_0238_n57.txt,0.11619995348155499,211,3
graph_0239_n4.txt,0.009599956683814526,60,1
graph_0240_n73.txt,0.0467000063508749,206,3
graph_0241_n94.txt,0.08340005297213793,299,5
graph_0242_n44.txt,0.024999957531690598,189,2
graph_0243_n3.txt,0.005700043402612209,88,1
graph_0244_n10.txt,0.004300032742321491,19,1
graph_0245_n45.txt,0.030499999411404133,147,2
graph_0246_n65.txt,0.015400000847876072,122,2
graph_0247_n47.txt,0.014899997040629387,311,5
graph_0248_n77.txt,0.09169999975711107,373,6
graph_0249_n23.txt,0.011399970389902592,171,3
graph_0250_n19.txt,0.0369000481441617,125,2
graph_0251_n76.txt,0.05449994932860136,197,3
graph_0252_n69.txt,0.005200039595365524,91,1
graph_0253_n40.txt,0.031400006264448166,285,4
graph_0254_n92.txt,0.023799948394298553,149,2
graph_0255_n21.txt,0.015300000086426735,184,2
graph_0256_n84.txt,0.030800001695752144,218,3
graph_0257_n79.txt,0.007700058631598949,52,2
graph_0258_n11.txt,0.0075999414548277855,154,2
graph_0259_n52.txt,0.030199997127056122,293,6
graph_0260_n83.txt,0.020600040443241596,145,3
graph_0261_n52.txt,0.02819998189806938,255,4
graph_0262_n27.txt,0.0068999361246824265,48,1
graph_0263_n52.txt,0.011999974958598614,87,2
graph_0264_n60.txt,0.01819990575313568,80,2
graph_0265_n13.txt,0.04369998350739479,84,1
graph_0266_n51.txt,0.028999987989664078,277,4
graph_0267_n87.txt,0.01619989052414894,85,1
graph_0268_n15.txt,0.013899989426136017,116,2
graph_0269_n84.txt,0.06579991895705462,236,3
graph_0270_n73.txt,0.028999987989664078,233,3
graph_0271_n4.txt,0.007300055585801601,89,1
graph_0272_n49.txt,0.009899958968162537,63,1
graph_0273_n94.txt,0.085500068962574,171,3
graph_0274_n58.txt,0.038899946957826614,149,3
graph_0275_n76.txt,0.03609992563724518,251,3
graph_0276_n45.txt,0.005600042641162872,95,1
graph_0277_n7.txt,0.005700043402612209,82,1
graph_0278_n91.txt,0.011999974958598614,59,1
graph_0279_n91.txt,0.07329997606575489,318,5
graph_0280_n32.txt,0.05440006498247385,170,3
graph_0281_n81.txt,0.007700058631598949,90,1
graph_0282_n71.txt,0.019300030544400215,76,1
graph_0283_n7.txt,0.00970007386058569,153,2
graph_0284_n30.txt,0.011199968867003918,66,2
graph_0285_n68.txt,0.011199968867003918,82,1
graph_0286_n29.txt,0.004900037311017513,84,1
graph_0287_n19.txt,0.006500049494206905,87,1
graph_0288_n55.txt,0.042899977415800095,149,3
graph_0289_n47.txt,0.0071999384090304375,83,1
graph_0290_n33.txt,0.07969990838319063,135,2
graph_0291_n58.txt,0.02019992098212242,72,1
graph_0292_n66.txt,0.166199984960258,375,5
graph_0293_n65.txt,0.030199997127056122,81,1
graph_0294_n100.txt,0.02420006785541773,164,3
graph_0295_n17.txt,0.008899951353669167,38,1
graph_0296_n66.txt,0.0961000332608819,274,5
graph_0297_n5.txt,0.009800074622035027,61,1
graph_0298_n34.txt,0.029499991796910763,187,3
graph_0299_n43.txt,0.039899954572319984,273,4
graph_0300_n31.txt,0.00909995287656784,113,2
graph_0301_n491.txt,0.8983999723568559,359,6
graph_0302_n300.txt,0.08530006743967533,141,2
graph_0303_n219.txt,0.1273000380024314,640,10
graph_0304_n121.txt,0.2400000812485814,280,5
graph_0305_n289.txt,0.5797999911010265,258,5
graph_0306_n220.txt,0.023399945348501205,71,1
graph_0307_n231.txt,0.053900061175227165,181,2
graph_0308_n316.txt,1.4809999847784638,451,6
graph_0309_n269.txt,0.16009993851184845,338,5
graph_0310_n361.txt,0.23570004850625992,412,8
graph_0311_n490.txt,0.09520002640783787,195,4
graph_0312_n269.txt,0.2902999985963106,407,6
graph_0313_n475.txt,0.242199981585145,246,4
graph_0314_n237.txt,0.01300009898841381,124,2
graph_0315_n434.txt,0.5667000077664852,446,8
graph_0316_n318.txt,0.3442999441176653,305,4
graph_0317_n351.txt,0.20700006280094385,315,4
graph_0318_n380.txt,0.45950000640004873,223,4
graph_0319_n172.txt,0.06879994180053473,347,5
graph_0320_n476.txt,0.5608000792562962,254,5
graph_0321_n203.txt,0.4896000027656555,520,8
graph_0322_n292.txt,0.4904000088572502,289,4
graph_0323_n381.txt,0.03839994315057993,167,2
graph_0324_n376.txt,0.2234999556094408,283,5
graph_0325_n182.txt,0.3013000823557377,340,5
graph_0326_n213.txt,0.3307999577373266,297,6
graph_0327_n116.txt,0.37640007212758064,178,4
graph_0328_n353.txt,0.13010005932301283,377,7
graph_0329_n407.txt,0.49320003017783165,620,10
graph_0330_n442.txt,0.10409997776150703,225,4
graph_0331_n146.txt,0.179499969817698,261,4
graph_0332_n462.txt,0.30319998040795326,190,4
graph_0333_n276.txt,0.11500006075948477,335,6
graph_0334_n328.txt,0.12839992996305227,415,6
graph_0335_n184.txt,0.6413999944925308,252,6
graph_0336_n420.txt,0.39110006764531136,333,5
graph_0337_n204.txt,0.2682999474927783,477,7
graph_0338_n297.txt,0.40769996121525764,254,3
graph_0339_n428.txt,0.11230004020035267,310,5
graph_0340_n306.txt,0.5302999634295702,415,8
graph_0341_n259.txt,0.1865000231191516,279,5
graph_0342_n393.txt,0.7359998999163508,245,6
graph_0343_n347.txt,0.4931999137625098,499,8
graph_0344_n142.txt,0.03600004129111767,196,4
graph_0345_n233.txt,0.2020999090746045,294,5
graph_0346_n285.txt,0.16050005797296762,333,4
graph_0347_n326.txt,0.12589991092681885,199,3
graph_0348_n260.txt,0.2196000423282385,120,2
graph_0349_n472.txt,0.4251999780535698,310,5
graph_0350_n453.txt,0.023699947632849216,236,4
graph_0351_n240.txt,0.0969000393524766,248,4
graph_0352_n411.txt,0.29500003438442945,316,4
graph_0353_n311.txt,0.2715999726206064,525,7
graph_0354_n436.txt,0.07379997987300158,189,3
graph_0355_n248.txt,0.028399983420968056,95,1
graph_0356_n491.txt,1.8680000212043524,287,6
graph_0357_n308.txt,0.17140002455562353,315,6
graph_0358_n405.txt,0.024699955247342587,201,3
graph_0359_n423.txt,1.6021999763324857,255,5
graph_0360_n340.txt,0.722500029951334,340,5
graph_0361_n492.txt,0.8202999597415328,464,8
graph_0362_n448.txt,0.18780003301799297,369,7
graph_0363_n362.txt,0.33510010689496994,309,5
graph_0364_n478.txt,0.015500001609325409,171,4
graph_0365_n112.txt,0.09210000280290842,323,6
graph_0366_n368.txt,0.007400056347250938,74,1
graph_0367_n395.txt,0.009199953638017178,90,1
graph_0368_n216.txt,0.16569998115301132,424,7
graph_0369_n339.txt,0.39300008211284876,452,7
graph_0370_n109.txt,0.03090000245720148,108,2
graph_0371_n299.txt,0.11959997937083244,402,6
graph_0372_n204.txt,0.013300101272761822,156,2
graph_0373_n352.txt,0.18049997743219137,264,5
graph_0374_n192.txt,0.08469994645565748,259,3
graph_0375_n466.txt,0.23339991457760334,629,10
graph_0376_n281.txt,0.0662999227643013,185,3
graph_0377_n216.txt,0.025499961338937283,131,2
graph_0378_n167.txt,0.14180003199726343,363,5
graph_0379_n188.txt,0.18679990898817778,218,4
graph_0380_n278.txt,0.1026000827550888,285,4
graph_0381_n159.txt,0.0950000248849392,220,5
graph_0382_n489.txt,0.6703999824821949,321,5
graph_0383_n455.txt,0.2657999284565449,265,5
graph_0384_n468.txt,1.1041999096050858,330,5
graph_0385_n113.txt,0.00870006624609232,82,1
graph_0386_n362.txt,0.11389993596822023,364,6
graph_0387_n229.txt,0.044199987314641476,250,4
graph_0388_n275.txt,0.3611000720411539,288,5
graph_0389_n111.txt,0.08359993807971478,199,4
graph_0390_n318.txt,0.08130003698170185,248,6
graph_0391_n123.txt,0.10639999527484179,215,4
graph_0392_n439.txt,0.01309998333454132,76,1
graph_0393_n415.txt,0.4434000002220273,302,5
graph_0394_n465.txt,0.10250008199363947,383,7
graph_0395_n339.txt,0.1262999139726162,369,6
graph_0396_n351.txt,0.2039000391960144,267,4
graph_0397_n472.txt,0.06699992809444666,211,4
graph_0398_n458.txt,0.46420004218816757,583,8
graph_0399_n462.txt,0.3035999834537506,284,5
graph_0400_n317.txt,0.17060001846402884,261,3
graph_0401_n444.txt,0.48859999515116215,285,5
graph_0402_n122.txt,0.02350006252527237,138,2
graph_0403_n402.txt,0.6566999945789576,245,5
graph_0404_n142.txt,0.2889001043513417,186,3
graph_0405_n352.txt,0.025799963623285294,113,2
graph_0406_n191.txt,0.12980005703866482,159,3
graph_0407_n483.txt,0.8521999698132277,435,8
graph_0408_n307.txt,0.3019000869244337,243,6
graph_0409_n448.txt,0.512199942022562,339,7
graph_0410_n220.txt,0.480600050650537,301,5
graph_0411_n286.txt,0.011699972674250603,35,1
graph_0412_n262.txt,0.31100003980100155,386,6
graph_0413_n371.txt,0.05240004975348711,286,5
graph_0414_n154.txt,0.012299977242946625,125,2
graph_0415_n204.txt,0.01780001912266016,227,3
graph_0416_n201.txt,0.011699972674250603,158,2
graph_0417_n195.txt,0.0564999645575881,158,2
graph_0418_n176.txt,0.05789997521787882,257,5
graph_0419_n104.txt,0.05389994475990534,448,7
graph_0420_n227.txt,0.4638000391423702,278,4
graph_0421_n143.txt,0.17369992565363646,620,9
graph_0422_n209.txt,0.04650000482797623,124,3
graph_0423_n447.txt,1.00320007186383,285,5
graph_0424_n456.txt,0.4521000664681196,337,6
graph_0425_n316.txt,0.05550007335841656,101,2
graph_0426_n442.txt,0.8557999972254038,340,6
graph_0427_n106.txt,0.15810003969818354,219,6
graph_0428_n427.txt,0.12350000906735659,247,3
graph_0429_n315.txt,0.3637999761849642,278,4
graph_0430_n377.txt,0.2294000005349517,225,4
graph_0431_n404.txt,1.1398999486118555,403,6
graph_0432_n370.txt,0.19529997371137142,185,3
graph_0433_n316.txt,0.5893999477848411,324,5
graph_0434_n376.txt,0.530300079844892,301,5
graph_0435_n341.txt,0.43180002830922604,393,5
graph_0436_n370.txt,0.24470000062137842,172,3
graph_0437_n152.txt,0.462499912828207,277,6
graph_0438_n309.txt,0.40470005478709936,319,4
graph_0439_n128.txt,0.14159991405904293,138,3
graph_0440_n189.txt,0.09729992598295212,209,3
graph_0441_n221.txt,0.14739995822310448,598,8
graph_0442_n161.txt,0.03350002225488424,148,2
graph_0443_n335.txt,0.40849996730685234,319,4
graph_0444_n442.txt,0.11220003943890333,528,7
graph_0445_n355.txt,0.20649994257837534,297,7
graph_0446_n194.txt,0.008400063961744308,93,1
graph_0447_n397.txt,0.2573000965639949,192,4
graph_0448_n105.txt,0.07379997987300158,81,1
graph_0449_n130.txt,0.025000073947012424,165,2
graph_0450_n422.txt,0.29530003666877747,516,8
graph_0451_n223.txt,0.03390002530068159,223,3
graph_0452_n327.txt,0.17849996220320463,318,6
graph_0453_n352.txt,0.673400005325675,224,3
graph_0454_n444.txt,0.09159999899566174,142,3
graph_0455_n113.txt,0.1583000412210822,381,6
graph_0456_n461.txt,0.5112000508233905,318,7
graph_0457_n196.txt,0.0072999391704797745,74,1
graph_0458_n303.txt,0.318199978210032,290,5
graph_0459_n318.txt,0.042500090785324574,260,5
graph_0460_n208.txt,0.011499971151351929,318,4
graph_0461_n102.txt,0.024700071662664413,251,4
graph_0462_n487.txt,0.3512999974191189,367,6
graph_0463_n350.txt,0.4547000862658024,523,8
graph_0464_n381.txt,0.6456999108195305,355,5
graph_0465_n397.txt,0.1778999576345086,223,3
graph_0466_n488.txt,0.5155999679118395,314,5
graph_0467_n107.txt,0.04449998959898949,121,3
graph_0468_n181.txt,0.14429993461817503,269,5
graph_0469_n195.txt,0.05119992420077324,182,3
graph_0470_n196.txt,0.060699996538460255,307,5
graph_0471_n371.txt,0.11200003791600466,305,4
graph_0472_n447.txt,0.041599967516958714,217,3
graph_0473_n287.txt,0.5512000061571598,211,5
graph_0474_n308.txt,0.08899997919797897,223,4
graph_0475_n482.txt,0.020900042727589607,120,3
graph_0476_n452.txt,0.3298000665381551,559,8
graph_0477_n307.txt,0.00500003807246685,74,1
graph_0478_n201.txt,0.06739993114024401,515,8
graph_0479_n397.txt,0.018900027498602867,146,2
graph_0480_n215.txt,0.25479996111243963,230,4
graph_0481_n287.txt,0.8427000138908625,420,6
graph_0482_n276.txt,0.21600001491606236,223,5
graph_0483_n359.txt,0.05509995389729738,170,4
graph_0484_n128.txt,0.07389998063445091,496,8
graph_0485_n365.txt,0.16910000704228878,225,3
graph_0486_n431.txt,0.300500076264143,443,6
graph_0487_n115.txt,0.009100069291889668,153,3
graph_0488_n149.txt,0.00400003045797348,83,1
graph_0489_n379.txt,0.35910005681216717,244,4
graph_0490_n118.txt,0.056699966080486774,411,7
graph_0491_n336.txt,0.019999919459223747,211,3
graph_0492_n400.txt,0.23760006297379732,549,10
graph_0493_n421.txt,0.1007000682875514,228,3
graph_0494_n334.txt,0.005699926987290382,16,1
graph_0495_n357.txt,0.1583000412210822,551,11
graph_0496_n290.txt,0.04370009992271662,194,3
graph_0497_n368.txt,0.20589993800967932,451,6
graph_0498_n226.txt,0.024499953724443913,145,2
graph_0499_n121.txt,0.01479999627918005,132,2
graph_0500_n209.txt,0.21279999054968357,234,5
graph_0501_n1000.txt,0.41099998634308577,269,5
graph_0502_n836.txt,0.23929995950311422,319,5
graph_0503_n992.txt,1.6098000342026353,413,7
graph_0504_n864.txt,0.4645999288186431,612,9
graph_0505_n770.txt,0.2549999626353383,186,5
graph_0506_n979.txt,0.8923000423237681,314,5
graph_0507_n516.txt,0.12939993757754564,255,4
graph_0508_n635.txt,0.15660002827644348,281,4
graph_0509_n889.txt,1.1530000483617187,403,7
graph_0510_n821.txt,0.7103000534698367,376,8
graph_0511_n751.txt,0.32919994555413723,306,5
graph_0512_n516.txt,0.03060000017285347,156,2
graph_0513_n634.txt,0.42719999328255653,231,5
graph_0514_n959.txt,0.022499938495457172,210,4
graph_0515_n675.txt,0.34829997457563877,384,6
graph_0516_n909.txt,0.045599997974932194,105,4
graph_0517_n710.txt,0.11680007446557283,381,6
graph_0518_n869.txt,0.5402999231591821,914,15
graph_0519_n775.txt,0.5350999999791384,295,5
graph_0520_n859.txt,0.1607000594958663,286,4
graph_0521_n810.txt,0.1778000732883811,195,3
graph_0522_n528.txt,0.713899964466691,445,7
graph_0523_n570.txt,0.130099942907691,362,7
graph_0524_n693.txt,0.015199999324977398,233,3
graph_0525_n878.txt,0.5984000163152814,628,10
graph_0526_n939.txt,0.9187000105157495,389,6
graph_0527_n792.txt,0.624599982984364,507,9
graph_0528_n545.txt,0.3298999508842826,273,5
graph_0529_n694.txt,0.606000074185431,491,10
graph_0530_n606.txt,0.05309993866831064,176,4
graph_0531_n818.txt,0.9813000215217471,257,7
graph_0532_n609.txt,0.6983999628573656,258,5
graph_0533_n807.txt,0.0724999699741602,766,10
graph_0534_n854.txt,0.31669996678829193,403,7
graph_0535_n806.txt,0.1642999704927206,275,4
graph_0536_n814.txt,0.24740002118051052,386,7
graph_0537_n992.txt,0.3448999486863613,300,6
graph_0538_n880.txt,0.6591000128537416,553,9
graph_0539_n859.txt,0.20359992049634457,278,4
graph_0540_n835.txt,0.08849997539073229,301,5
graph_0541_n790.txt,1.281699980609119,709,12
graph_0542_n750.txt,0.36589999217540026,280,4
graph_0543_n690.txt,0.35580003168433905,327,5
graph_0544_n677.txt,0.13890000991523266,311,5
graph_0545_n685.txt,0.008399947546422482,151,2
graph_0546_n887.txt,0.8700999896973372,267,6
graph_0547_n608.txt,0.8411000017076731,346,5
graph_0548_n840.txt,0.014299992471933365,450,7
graph_0549_n661.txt,0.7274000672623515,453,7
graph_0550_n995.txt,0.8951000636443496,304,8
graph_0551_n837.txt,0.27199997566640377,199,4
graph_0552_n948.txt,0.39739999920129776,494,8
graph_0553_n974.txt,0.03330002073198557,383,7
graph_0554_n933.txt,0.569600029848516,324,5
graph_0555_n510.txt,0.1873999135568738,216,6
graph_0556_n726.txt,0.8595999097451568,442,9
graph_0557_n735.txt,0.24399999529123306,489,8
graph_0558_n829.txt,0.2896999940276146,696,11
graph_0559_n975.txt,0.8860999951139092,366,5
graph_0560_n944.txt,0.2405999694019556,481,9
graph_0561_n531.txt,0.2677000593394041,339,5
graph_0562_n885.txt,0.2845000708475709,488,7
graph_0563_n926.txt,0.1545000122860074,252,5
graph_0564_n762.txt,0.7893999572843313,341,8
graph_0565_n668.txt,0.12270000297576189,383,6
graph_0566_n553.txt,0.035499921068549156,324,4
graph_0567_n892.txt,0.13970001600682735,163,3
graph_0568_n755.txt,0.8807999547570944,471,7
graph_0569_n647.txt,0.5169999785721302,311,4
graph_0570_n621.txt,0.13940001372247934,342,7
graph_0571_n850.txt,0.3357999958097935,456,7
graph_0572_n529.txt,0.1906000543385744,403,6
graph_0573_n686.txt,0.06520003080368042,240,4
graph_0574_n523.txt,0.054299947805702686,254,4
graph_0575_n595.txt,0.24930003564804792,236,6
graph_0576_n566.txt,0.1202999847009778,304,5
graph_0577_n816.txt,0.6201999494805932,406,7
graph_0578_n939.txt,0.10240008123219013,349,7
graph_0579_n734.txt,0.7151000900194049,385,6
graph_0580_n587.txt,0.17289991956204176,467,8
graph_0581_n920.txt,0.34630007576197386,642,11
graph_0582_n684.txt,0.6604999070987105,500,9
graph_0583_n697.txt,0.2095999661833048,380,7
graph_0584_n612.txt,0.7332999957725406,326,5
graph_0585_n576.txt,0.08059991523623466,316,4
graph_0586_n714.txt,0.6761000258848071,325,5
graph_0587_n976.txt,0.671599991619587,402,6
graph_0588_n910.txt,0.7366000209003687,501,7
graph_0589_n764.txt,0.13910001143813133,393,6
graph_0590_n705.txt,0.3719000378623605,509,8
graph_0591_n927.txt,1.3285999884828925,382,5
graph_0592_n555.txt,0.727499951608479,329,7
graph_0593_n539.txt,0.26300002355128527,532,12
graph_0594_n504.txt,0.041499966755509377,134,2
graph_0595_n654.txt,0.3576999297365546,342,6
graph_0596_n502.txt,0.8478999370709062,305,6
graph_0597_n746.txt,0.6782000418752432,572,9
graph_0598_n883.txt,0.11579995043575764,164,2
graph_0599_n829.txt,1.0707000037655234,428,7
graph_0600_n855.txt,0.578500097617507,237,6
graph_0601_n3307.txt,1.8031999934464693,402,7
graph_0602_n1932.txt,0.4357999423518777,199,4
graph_0603_n1935.txt,2.6946000289171934,1078,17
graph_0604_n3550.txt,2.845000009983778,438,9
graph_0605_n1583.txt,0.7608999731019139,597,8
graph_0606_n1656.txt,1.9413999980315566,798,13
graph_0607_n2818.txt,0.9241000516340137,350,6
graph_0608_n2994.txt,3.134800004772842,395,7
graph_0609_n2608.txt,1.1271999683231115,252,4
graph_0610_n3248.txt,3.674799925647676,496,8
graph_0611_n3342.txt,10.450299945659935,663,12
graph_0612_n1020.txt,1.1365000391378999,351,6
graph_0613_n2152.txt,1.6481999773532152,306,6
graph_0614_n1485.txt,0.6771000334993005,623,9
graph_0615_n2810.txt,2.1640999475494027,425,7
graph_0616_n1475.txt,1.0245000012218952,271,4
graph_0617_n2820.txt,2.341900020837784,718,10
graph_0618_n2007.txt,1.1229999363422394,388,7
graph_0619_n1267.txt,0.589099945500493,315,7
graph_0620_n2948.txt,2.9002000810578465,366,6
graph_0621_n1940.txt,0.029999995604157448,143,3
graph_0622_n1138.txt,0.04569999873638153,218,4
graph_0623_n3144.txt,1.0146000422537327,261,6
graph_0624_n2282.txt,0.6694999756291509,837,13
graph_0625_n3792.txt,5.0249999621883035,406,7
graph_0626_n3447.txt,0.725399935618043,254,5
graph_0627_n2347.txt,0.35740004386752844,253,5
graph_0628_n1502.txt,0.9184000082314014,693,11
graph_0629_n1690.txt,2.585900016129017,348,6
graph_0630_n1493.txt,0.29390002600848675,219,6
graph_0631_n2214.txt,1.393500017002225,310,6
graph_0632_n3357.txt,3.160299966111779,476,9
graph_0633_n1762.txt,0.20699994638562202,252,4
graph_0634_n1843.txt,1.9891000119969249,358,5
graph_0635_n2121.txt,0.8782000513747334,709,11
graph_0636_n1109.txt,0.02620008308440447,170,3
graph_0637_n1946.txt,0.48729998525232077,229,4
graph_0638_n3326.txt,1.5161000192165375,736,12
graph_0639_n1693.txt,1.0604000417515635,379,5
graph_0640_n1902.txt,1.4055999927222729,376,8
graph_0641_n2014.txt,0.017400016076862812,79,1
graph_0642_n1500.txt,0.42539997957646847,392,6
graph_0643_n3217.txt,3.477499936707318,790,12
graph_0644_n1748.txt,1.1312999995425344,565,8
graph_0645_n3457.txt,1.9521999638527632,851,14
graph_0646_n3170.txt,3.322899923659861,546,10
graph_0647_n2396.txt,1.309499959461391,319,5
graph_0648_n2664.txt,1.1997000547125936,291,5
graph_0649_n3662.txt,4.3246999848634005,953,15
graph_0650_n3906.txt,0.7640999974682927,268,5
graph_0651_n3014.txt,3.104900009930134,861,15
graph_0652_n3387.txt,0.9675000328570604,377,6
graph_0653_n3451.txt,7.70730001386255,409,7
graph_0654_n1409.txt,2.1512999664992094,356,8
graph_0655_n2744.txt,2.0459999796003103,450,10
graph_0656_n3202.txt,2.3134000366553664,565,9
graph_0657_n2438.txt,3.531399997882545,325,6
graph_0658_n2279.txt,1.310099964030087,375,6
graph_0659_n2588.txt,4.449800006113946,333,6
graph_0660_n3678.txt,0.8286000229418278,514,8
graph_0661_n3170.txt,5.87009999435395,370,5
graph_0662_n2689.txt,2.556100022047758,296,4
graph_0663_n2000.txt,2.6059000520035625,380,5
graph_0664_n2643.txt,0.255499966442585,581,8
graph_0665_n1367.txt,1.132100005634129,267,6
graph_0666_n1765.txt,0.37320004776120186,177,3
graph_0667_n1490.txt,1.2162999482825398,294,5
graph_0668_n2863.txt,5.031700013205409,705,11
graph_0669_n1741.txt,2.7588000521063805,696,13
graph_0670_n3665.txt,0.4288000054657459,389,6
graph_0671_n3298.txt,9.965399978682399,516,8
graph_0672_n3836.txt,6.458699936047196,427,8
graph_0673_n1976.txt,1.02980004157871,367,7
graph_0674_n2494.txt,4.378000041469932,306,7
graph_0675_n1699.txt,0.4191999323666096,196,4
graph_0676_n2257.txt,2.5677999947220087,488,9
graph_0677_n2327.txt,3.4937000600621104,332,7
graph_0678_n1111.txt,0.9451999794691801,415,6
graph_0679_n1706.txt,0.4110999871045351,401,6
graph_0680_n3610.txt,2.51409993506968,494,9
graph_0681_n2358.txt,1.1244999477639794,307,7
graph_0682_n1788.txt,2.707699895836413,739,11
graph_0683_n3251.txt,3.037499962374568,304,7
graph_0684_n1461.txt,0.18459989223629236,260,6
graph_0685_n1415.txt,2.925399923697114,432,8
graph_0686_n3686.txt,2.3639999562874436,511,10
graph_0687_n1001.txt,0.24289998691529036,598,9
graph_0688_n2522.txt,3.5182000137865543,419,7
graph_0689_n3476.txt,3.370200050994754,546,10
graph_0690_n3148.txt,2.8700000839307904,592,11
graph_0691_n3976.txt,0.8641999447718263,501,10
graph_0692_n1881.txt,0.712999957613647,754,10
graph_0693_n1150.txt,0.5750999553129077,722,14
graph_0694_n1868.txt,0.13449997641146183,177,3
graph_0695_n1191.txt,0.7548999274149537,678,11
graph_0696_n2726.txt,2.6557999663054943,341,5
graph_0697_n3858.txt,1.322799944318831,513,8
graph_0698_n1269.txt,0.8110000053420663,398,8
graph_0699_n3013.txt,7.613699999637902,549,9
graph_0700_n1380.txt,1.200999948196113,485,7
graph_0701_n4087.txt,0.42289996054023504,325,5
graph_0702_n4305.txt,7.566099986433983,644,13
graph_0703_n4215.txt,2.713999943807721,728,13
graph_0704_n4611.txt,6.930400035344064,599,9
graph_0705_n4787.txt,4.316299920901656,1277,20
graph_0706_n4318.txt,0.09300000965595245,217,3
graph_0707_n4586.txt,4.297900013625622,718,12
graph_0708_n4116.txt,7.206300040706992,497,10
graph_0709_n4556.txt,5.476200021803379,859,13
graph_0710_n4718.txt,7.011199952103198,670,9
graph_0711_n4260.txt,1.9262999994680285,635,10
graph_0712_n4320.txt,2.459899988025427,539,8
graph_0713_n4989.txt,0.2582999877631664,382,5
graph_0714_n4285.txt,0.9681000374257565,658,9
graph_0715_n4959.txt,6.231199949979782,429,7
graph_0716_n4868.txt,2.7076000114902854,492,8
graph_0717_n4185.txt,1.6072000144049525,652,11
graph_0718_n4351.txt,4.0247999131679535,373,8
graph_0719_n4844.txt,0.37729996256530285,249,3
graph_0720_n4290.txt,2.534699975512922,355,6
graph_0721_n4167.txt,3.717100014910102,939,17
graph_0722_n4227.txt,4.544500028714538,785,14
graph_0723_n4595.txt,13.693899963982403,312,7
graph_0724_n4102.txt,6.126199965365231,815,13
graph_0725_n4363.txt,1.221399987116456,677,11
graph_0726_n4498.txt,1.7846000846475363,308,4
graph_0727_n4062.txt,5.109600024297833,659,11
graph_0728_n4847.txt,16.754899988882244,547,10
graph_0729_n4243.txt,3.6050999769940972,683,10
graph_0730_n4486.txt,8.533500018529594,514,8
graph_0731_n4166.txt,1.526599982753396,310,5
graph_0732_n4231.txt,1.4714000280946493,467,8
graph_0733_n4778.txt,7.595399976707995,604,10
graph_0734_n4652.txt,0.9379000402987003,391,7
graph_0735_n4213.txt,4.015699960291386,606,11
graph_0736_n4226.txt,7.633800036273897,353,5
graph_0737_n4281.txt,6.0894000343978405,584,10
graph_0738_n4939.txt,2.620500046759844,367,6
graph_0739_n4525.txt,2.5894000427797437,987,17
graph_0740_n4078.txt,5.521899904124439,484,8
graph_0741_n4421.txt,11.20089995674789,435,7
graph_0742_n4297.txt,7.33560009393841,348,7
graph_0743_n4414.txt,6.808500038459897,536,8
graph_0744_n4296.txt,1.1316000018268824,400,8
graph_0745_n4977.txt,0.10639999527484179,208,4
graph_0746_n4066.txt,5.086799967102706,837,14
graph_0747_n4863.txt,6.331100012175739,359,7
graph_0748_n4391.txt,3.8206999888643622,717,12
graph_0749_n4082.txt,1.4543000143021345,472,9
graph_0750_n4730.txt,2.409699955023825,287,6
graph_0751_n5612.txt,2.863100031390786,728,11
graph_0752_n5855.txt,3.1435000710189342,398,6
graph_0753_n5184.txt,9.677599999122322,526,10
graph_0754_n5951.txt,1.3902999926358461,717,11
graph_0755_n5517.txt,7.005999912507832,384,8
graph_0756_n5017.txt,0.3524000057950616,313,5
graph_0757_n5017.txt,0.11959997937083244,221,3
graph_0758_n5496.txt,2.968299901112914,308,5
graph_0759_n5140.txt,4.107099957764149,1076,16
graph_0760_n5072.txt,1.1616999981924891,302,6
graph_0761_n5780.txt,1.0456000454723835,645,9
graph_0762_n5835.txt,4.52909991145134,405,7
graph_0763_n5180.txt,6.316599901765585,346,6
graph_0764_n5321.txt,4.566300078295171,458,8
graph_0765_n5389.txt,7.166000083088875,391,5
graph_0766_n5080.txt,5.911599961109459,456,8
graph_0767_n5124.txt,3.8072000024840236,287,5
graph_0768_n5809.txt,10.519900009967387,495,8
graph_0769_n5526.txt,9.306599968113005,783,12
graph_0770_n5561.txt,0.7110999431461096,512,9
graph_0771_n5643.txt,12.747000087983906,489,8
graph_0772_n5213.txt,8.40799999423325,481,8
graph_0773_n5841.txt,8.916000020690262,487,9
graph_0774_n5076.txt,4.184000077657402,440,9
graph_0775_n5811.txt,2.773999935016036,315,6
graph_0776_n5257.txt,5.136199994012713,435,8
graph_0777_n5130.txt,0.3442999441176653,324,5
graph_0778_n5095.txt,1.4894999330863357,292,4
graph_0779_n5073.txt,8.035199949517846,454,7
graph_0780_n5317.txt,5.1559999119490385,375,7
graph_0781_n5100.txt,3.4623000537976623,555,8
graph_0782_n5448.txt,0.7124000694602728,367,6
graph_0783_n5224.txt,5.074199987575412,374,8
graph_0784_n5428.txt,3.8631000788882375,387,7
graph_0785_n5706.txt,7.792300079017878,458,8
graph_0786_n5862.txt,10.644200025126338,536,8
graph_0787_n5613.txt,9.068200015462935,365,6
graph_0788_n5081.txt,3.5661000292748213,304,5
graph_0789_n5685.txt,2.460199990309775,440,8
graph_0790_n5261.txt,10.036699939519167,468,8
graph_0791_n5090.txt,3.1758000841364264,278,5
graph_0792_n5079.txt,5.152600002475083,438,8
graph_0793_n5882.txt,4.286499926820397,785,13
graph_0794_n5546.txt,0.5082000279799104,227,4
graph_0795_n5998.txt,4.405799903906882,640,11
graph_0796_n5354.txt,6.874799961224198,494,9
graph_0797_n5396.txt,0.7586999563500285,292,6
graph_0798_n5829.txt,5.576199968345463,432,8
graph_0799_n5581.txt,2.855399972759187,333,7
graph_0800_n5438.txt,0.0646000262349844,199,4
graph_0801_n6215.txt,14.956000028178096,287,6
graph_0802_n6264.txt,12.579499976709485,366,6
graph_0803_n6807.txt,6.646499969065189,309,6
graph_0804_n6615.txt,5.059199989773333,1117,19
graph_0805_n6136.txt,0.5777999758720398,676,11
graph_0806_n6826.txt,15.360599965788424,322,6
graph_0807_n6558.txt,18.432100070640445,406,9
graph_0808_n6777.txt,6.392599898390472,324,5
graph_0809_n6717.txt,8.22999991942197,342,5
graph_0810_n6366.txt,7.8786000376567245,338,5
graph_0811_n6282.txt,1.4060999965295196,304,6
graph_0812_n6832.txt,10.107800015248358,458,8
graph_0813_n6681.txt,14.92119999602437,456,7
graph_0814_n6781.txt,2.3583000293001533,290,5
graph_0815_n6351.txt,14.057899941690266,547,12
graph_0816_n6117.txt,10.313400067389011,547,11
graph_0817_n6301.txt,0.15700003132224083,226,4
graph_0818_n6931.txt,15.174600062891841,735,11
graph_0819_n6784.txt,18.814000068232417,599,8
graph_0820_n6485.txt,4.11740003619343,335,5
graph_0821_n6819.txt,11.127699981443584,253,6
graph_0822_n6746.txt,5.635100067593157,327,6
graph_0823_n6790.txt,18.201999948360026,456,7
graph_0824_n6193.txt,8.424200001172721,507,9
graph_0825_n6877.txt,7.542800041846931,418,7
graph_0826_n6418.txt,5.7455999776721,473,8
graph_0827_n6378.txt,9.879700024612248,437,7
graph_0828_n6142.txt,21.96790010202676,369,6
graph_0829_n6225.txt,12.070300057530403,500,8
graph_0830_n6576.txt,9.279599995352328,368,7
graph_0831_n6065.txt,1.374599989503622,479,9
graph_0832_n6373.txt,12.610199977643788,441,7
graph_0833_n6953.txt,9.004699997603893,346,8
graph_0834_n6698.txt,2.0444999681785703,863,16
graph_0835_n6752.txt,1.8771999748423696,658,12
graph_0836_n6714.txt,4.783799988217652,373,8
graph_0837_n6413.txt,5.145200062543154,738,12
graph_0838_n6918.txt,0.08840009104460478,156,3
graph_0839_n6505.txt,2.4706999538466334,590,9
graph_0840_n6067.txt,7.173899910412729,378,7
graph_0841_n6976.txt,14.256599941290915,408,9
graph_0842_n6818.txt,4.652599920518696,874,14
graph_0843_n6276.txt,0.21520000882446766,516,8
graph_0844_n6446.txt,0.28469995595514774,461,7
graph_0845_n6067.txt,11.077199946157634,557,7
graph_0846_n6441.txt,5.770500050857663,371,8
graph_0847_n6294.txt,6.190199987031519,371,8
graph_0848_n6094.txt,3.8302000612020493,707,10
graph_0849_n6560.txt,2.072199946269393,779,12
graph_0850_n6103.txt,1.9639999372884631,668,11
graph_0851_n7639.txt,13.99959996342659,627,10
graph_0852_n7043.txt,6.530700018629432,494,9
graph_0853_n7896.txt,4.855500068515539,799,12
graph_0854_n7148.txt,10.400700033642352,611,11
graph_0855_n7225.txt,14.216099982149899,371,7
graph_0856_n7363.txt,11.726600001566112,618,11
graph_0857_n7877.txt,21.022100001573563,507,9
graph_0858_n7383.txt,2.6239000726491213,570,11
graph_0859_n7177.txt,2.8113999869674444,422,7
graph_0860_n7726.txt,13.726199977099895,865,13
graph_0861_n7658.txt,2.63440003618598,349,6
graph_0862_n7151.txt,0.24620001204311848,329,4
graph_0863_n7917.txt,1.5317000215873122,463,8
graph_0864_n7052.txt,0.7760999724268913,478,6
graph_0865_n7726.txt,3.8420999189838767,376,6
graph_0866_n7593.txt,3.4558000043034554,825,12
graph_0867_n7860.txt,11.751399957574904,437,8
graph_0868_n7383.txt,11.146800010465086,612,11
graph_0869_n7280.txt,3.87750007212162,357,6
graph_0870_n7930.txt,1.512399991042912,776,12
graph_0871_n7284.txt,4.584999987855554,990,16
graph_0872_n7223.txt,13.97600001655519,477,9
graph_0873_n7027.txt,5.565300001762807,361,7
graph_0874_n7482.txt,18.467300105839968,483,8
graph_0875_n7741.txt,5.624100100249052,239,5
graph_0876_n7979.txt,8.619099971838295,545,9
graph_0877_n7253.txt,5.4061999544501305,364,8
graph_0878_n7291.txt,1.0590999154374003,308,5
graph_0879_n7956.txt,5.6458000326529145,894,13
graph_0880_n7720.txt,4.965899977833033,408,7
graph_0881_n7022.txt,5.12790004722774,418,6
graph_0882_n7673.txt,10.177100077271461,621,10
graph_0883_n7439.txt,6.137400050647557,783,13
graph_0884_n7131.txt,10.611800011247396,689,11
graph_0885_n7839.txt,17.54979998804629,467,8
graph_0886_n7498.txt,2.7073000092059374,513,7
graph_0887_n7987.txt,1.2823999859392643,523,9
graph_0888_n7864.txt,18.89050006866455,450,8
graph_0889_n7297.txt,1.3871000846847892,332,6
graph_0890_n7604.txt,2.724100020714104,489,8
graph_0891_n7117.txt,3.3227000385522842,267,6
graph_0892_n7708.txt,7.419100031256676,721,11
graph_0893_n7210.txt,5.249700043350458,486,11
graph_0894_n7602.txt,4.083600011654198,503,9
graph_0895_n7923.txt,8.04479990620166,487,10
graph_0896_n7999.txt,6.837800028733909,457,9
graph_0897_n7528.txt,8.425300009548664,344,7
graph_0898_n7475.txt,12.754700030200183,520,7
graph_0899_n7530.txt,9.19779995456338,507,9
graph_0900_n7794.txt,1.132700010202825,343,5
graph_0901_n8239.txt,13.736900058574975,609,10
graph_0902_n8570.txt,23.22279999498278,471,8
graph_0903_n8642.txt,1.5195999294519424,381,7
graph_0904_n8265.txt,17.254200065508485,453,7
graph_0905_n8906.txt,7.320199976675212,459,7
graph_0906_n8949.txt,3.8838000036776066,405,5
graph_0907_n8470.txt,7.931899977847934,901,13
graph_0908_n8377.txt,11.11380010843277,576,11
graph_0909_n8362.txt,8.855900028720498,851,13
graph_0910_n8392.txt,6.083099986426532,510,8
graph_0911_n8471.txt,12.216400005854666,1203,20
graph_0912_n8305.txt,16.005399986170232,609,13
graph_0913_n8573.txt,13.886000029742718,543,9
graph_0914_n8109.txt,6.618799990974367,664,10
graph_0915_n8958.txt,1.4485999708995223,505,8
graph_0916_n8146.txt,13.888699933886528,455,7
graph_0917_n8125.txt,13.774999999441206,644,16
graph_0918_n8841.txt,7.029699976556003,546,8
graph_0919_n8489.txt,13.786699972115457,944,13
graph_0920_n8369.txt,39.53209996689111,412,7
graph_0921_n8940.txt,0.5807999987155199,624,11
graph_0922_n8821.txt,16.002299962565303,637,12
graph_0923_n8536.txt,4.673799965530634,501,7
graph_0924_n8217.txt,11.622199905104935,442,8
graph_0925_n8593.txt,13.736099936068058,498,9
graph_0926_n8975.txt,2.213600091636181,942,15
graph_0927_n8688.txt,1.3295999960973859,575,8
graph_0928_n8044.txt,0.9355000220239162,604,9
graph_0929_n8448.txt,10.96700003836304,612,11
graph_0930_n8408.txt,1.4179999707266688,723,13
graph_0931_n8673.txt,11.543700005859137,354,8
graph_0932_n8631.txt,2.3366999812424183,611,11
graph_0933_n8613.txt,1.4591999351978302,362,6
graph_0934_n8595.txt,2.0531999180093408,965,19
graph_0935_n8921.txt,22.47429999988526,601,12
graph_0936_n8572.txt,6.4628999680280685,507,10
graph_0937_n8932.txt,3.7456999998539686,590,8
graph_0938_n8189.txt,19.96760000474751,519,8
graph_0939_n8447.txt,12.766500003635883,499,9
graph_0940_n8519.txt,9.18139994610101,515,8
graph_0941_n8939.txt,4.200999974273145,532,10
graph_0942_n8158.txt,10.460700024850667,746,12
graph_0943_n8512.txt,4.554899991489947,609,11
graph_0944_n8083.txt,13.737800065428019,432,7
graph_0945_n8417.txt,3.454799996688962,406,6
graph_0946_n8128.txt,15.471899998374283,621,10
graph_0947_n8394.txt,10.983199928887188,375,7
graph_0948_n8494.txt,10.185100021772087,329,5
graph_0949_n8946.txt,11.511099990457296,399,8
graph_0950_n8945.txt,2.2702000569552183,519,8
graph_0951_n9286.txt,14.55680001527071,777,13
graph_0952_n9880.txt,28.075400041416287,477,7
graph_0953_n9616.txt,17.164900084026158,484,7
graph_0954_n9767.txt,4.1476000333204865,833,13
graph_0955_n9889.txt,6.307299947366118,343,7
graph_0956_n9344.txt,1.8783999839797616,552,8
graph_0957_n9565.txt,7.352399989031255,479,6
graph_0958_n9122.txt,4.666100023314357,454,10
graph_0959_n9161.txt,8.166800020262599,824,14
graph_0960_n9494.txt,7.367400103248656,924,16
graph_0961_n9838.txt,2.450200030580163,433,7
graph_0962_n9508.txt,23.956599994562566,487,10
graph_0963_n9366.txt,22.76779990643263,412,6
graph_0964_n9737.txt,2.6944999117404222,782,14
graph_0965_n9885.txt,9.472099947743118,532,9
graph_0966_n9377.txt,4.2013999773189425,572,8
graph_0967_n9682.txt,2.0427999552339315,791,16
graph_0968_n9720.txt,12.760299956426024,398,7
graph_0969_n9180.txt,0.17250003293156624,214,4
graph_0970_n9696.txt,1.835599890910089,530,8
graph_0971_n9346.txt,1.2397000100463629,672,10
graph_0972_n9275.txt,15.943299978971481,480,11
graph_0973_n9853.txt,16.25640003476292,631,9
graph_0974_n9482.txt,10.381800006143749,405,9
graph_0975_n9364.txt,21.079599973745644,502,9
graph_0976_n9266.txt,16.252000001259148,518,8
graph_0977_n9987.txt,21.372799994423985,436,8
graph_0978_n9006.txt,1.3334999093785882,320,7
graph_0979_n9989.txt,25.54130007047206,727,11
graph_0980_n9914.txt,27.21580001525581,515,7
graph_0981_n9822.txt,15.144800068810582,729,11
graph_0982_n9705.txt,12.341500027105212,341,6
graph_0983_n9026.txt,9.134999942034483,455,7
graph_0984_n9835.txt,21.599499974399805,532,11
graph_0985_n9888.txt,1.1796000180765986,418,6
graph_0986_n9662.txt,5.122300004586577,473,7
graph_0987_n9166.txt,7.446900010108948,556,10
graph_0988_n9686.txt,21.36759995482862,600,11
graph_0989_n9619.txt,13.507199939340353,455,8
graph_0990_n9760.txt,21.88629994634539,394,7
graph_0991_n9008.txt,5.04189997445792,927,15
graph_0992_n9539.txt,2.420300035737455,377,6
graph_0993_n9178.txt,20.08480008225888,437,9
graph_0994_n9051.txt,20.36460000090301,448,8
graph_0995_n9819.txt,48.65420004352927,551,9
graph_0996_n9870.txt,5.927200079895556,715,13
graph_0997_n9498.txt,17.312699928879738,624,8
graph_0998_n9538.txt,16.897000023163855,493,10
graph_0999_n9158.txt,18.907399964518845,619,11
graph_1000_n9759.txt,20.242900005541742,448,8
