graph_file,execution_time_ms,montemanni_cost_real,montemanni_path_length
graph_0001_n43.txt,9.028900065459311,198,3
graph_0002_n20.txt,6.337700062431395,59,1
graph_0003_n9.txt,4.130899906158447,53,1
graph_0004_n74.txt,13.010199996642768,111,2
graph_0005_n85.txt,10.393499978818,70,1
graph_0006_n98.txt,23.287200019694865,165,3
graph_0007_n3.txt,1.283799996599555,31,1
graph_0008_n58.txt,8.32840008661151,148,3
graph_0009_n17.txt,3.9004000136628747,80,1
graph_0010_n61.txt,23.301500012166798,226,3
graph_0011_n80.txt,17.636099946685135,117,2
graph_0012_n64.txt,12.939600041136146,210,3
graph_0013_n48.txt,13.127500074915588,139,2
graph_0014_n39.txt,7.6688999542966485,139,2
graph_0015_n91.txt,31.382199958898127,272,6
graph_0016_n65.txt,19.39269993454218,238,4
graph_0017_n44.txt,15.613900031894445,259,4
graph_0018_n51.txt,16.90499996766448,202,3
graph_0019_n24.txt,9.672699961811304,92,1
graph_0020_n19.txt,5.6356999557465315,56,1
graph_0021_n9.txt,5.027799983508885,96,2
graph_0022_n6.txt,3.6577999126166105,40,1
graph_0023_n84.txt,22.806899971328676,353,6
graph_0024_n45.txt,8.498099981807172,138,2
graph_0025_n39.txt,8.192899986170232,72,1
graph_0026_n69.txt,13.373599969781935,190,3
graph_0027_n49.txt,15.146999969147146,248,4
graph_0028_n66.txt,9.743300033733249,175,3
graph_0029_n25.txt,11.099600000306964,125,2
graph_0030_n98.txt,13.813900062814355,233,3
graph_0031_n56.txt,11.61460008006543,304,5
graph_0032_n55.txt,12.091999989934266,203,3
graph_0033_n95.txt,16.665900009684265,177,3
graph_0034_n33.txt,6.54880004003644,118,2
graph_0035_n94.txt,22.899999981746078,241,4
graph_0036_n86.txt,14.820899930782616,95,1
graph_0037_n94.txt,21.347700036130846,112,2
graph_0038_n46.txt,8.49529996048659,117,2
graph_0039_n4.txt,2.8858999721705914,73,1
graph_0040_n66.txt,13.079099939204752,268,5
graph_0041_n33.txt,8.575799991376698,48,1
graph_0042_n87.txt,15.212300000712276,308,5
graph_0043_n33.txt,15.155299915932119,263,4
graph_0044_n33.txt,8.730800007469952,162,2
graph_0045_n83.txt,11.504099937155843,245,3
graph_0046_n62.txt,11.278700083494186,91,1
graph_0047_n9.txt,2.7224000077694654,49,1
graph_0048_n49.txt,5.321800010278821,169,3
graph_0049_n78.txt,27.699500089511275,309,5
graph_0050_n93.txt,10.06439991760999,281,4
graph_0051_n44.txt,7.670999970287085,150,2
graph_0052_n48.txt,9.211999946273863,71,1
graph_0053_n44.txt,8.723600069060922,147,3
graph_0054_n81.txt,24.635800044052303,222,5
graph_0055_n7.txt,3.7603999953716993,115,2
graph_0056_n25.txt,5.918900016695261,109,2
graph_0057_n78.txt,14.33310005813837,126,2
graph_0058_n13.txt,3.9428999880328774,33,2
graph_0059_n62.txt,15.517899999395013,69,1
graph_0060_n80.txt,11.12560008186847,478,8
graph_0061_n64.txt,14.953700010664761,176,2
graph_0062_n96.txt,31.430199975147843,166,3
graph_0063_n30.txt,8.802799973636866,129,2
graph_0064_n39.txt,11.239100014790893,175,4
graph_0065_n67.txt,9.284900035709143,136,2
graph_0066_n40.txt,7.585499901324511,136,2
graph_0067_n73.txt,13.549900031648576,145,2
graph_0068_n45.txt,7.4486000230535865,172,3
graph_0069_n21.txt,3.8406000239774585,183,2
graph_0070_n85.txt,14.05160001013428,187,3
graph_0071_n36.txt,9.15639998856932,75,1
graph_0072_n44.txt,16.182600054889917,191,3
graph_0073_n94.txt,10.911799967288971,25,1
graph_0074_n29.txt,6.159900105558336,184,3
graph_0075_n27.txt,3.1949999975040555,123,3
graph_0076_n52.txt,8.10740003362298,383,6
graph_0077_n88.txt,9.250100003555417,60,1
graph_0078_n21.txt,3.7727999733760953,125,2
graph_0079_n75.txt,9.467899915762246,21,1
graph_0080_n86.txt,10.571200051344931,73,1
graph_0081_n19.txt,1.4066000003367662,98,2
graph_0082_n32.txt,6.181799923069775,260,3
graph_0083_n76.txt,10.83949999883771,201,4
graph_0084_n33.txt,3.1344000017270446,201,4
graph_0085_n52.txt,7.288999971933663,74,1
graph_0086_n10.txt,2.5243000127375126,30,1
graph_0087_n89.txt,9.41430008970201,255,4
graph_0088_n43.txt,5.743899964727461,85,1
graph_0089_n72.txt,6.674699950963259,124,2
graph_0090_n43.txt,3.5228999331593513,109,2
graph_0091_n38.txt,13.044300023466349,92,2
graph_0092_n49.txt,12.522300006821752,103,2
graph_0093_n34.txt,8.386399946175516,102,2
graph_0094_n86.txt,14.467700035311282,61,1
graph_0095_n36.txt,14.038100023753941,175,2
graph_0096_n6.txt,3.4204000839963555,88,1
graph_0097_n43.txt,7.32209999114275,80,1
graph_0098_n33.txt,3.867999999783933,120,2
graph_0099_n72.txt,8.787899976596236,82,3
graph_0100_n37.txt,4.293299978598952,128,3
graph_0101_n5.txt,1.7290000105276704,70,2
graph_0102_n57.txt,4.543300019577146,172,2
graph_0103_n57.txt,6.540899979881942,229,4
graph_0104_n48.txt,5.010100081562996,199,3
graph_0105_n15.txt,1.20749999769032,83,1
graph_0106_n19.txt,0.897300080396235,78,1
graph_0107_n35.txt,4.146200022660196,29,1
graph_0108_n92.txt,15.204700059257448,267,5
graph_0109_n79.txt,12.963599991053343,377,6
graph_0110_n99.txt,6.862999987788498,340,6
graph_0111_n31.txt,3.6368999863043427,65,1
graph_0112_n39.txt,9.180299937725067,290,4
graph_0113_n28.txt,3.588699968531728,96,1
graph_0114_n47.txt,8.511599968187511,232,4
graph_0115_n37.txt,1.6594999469816685,113,3
graph_0116_n90.txt,12.07950001116842,167,2
graph_0117_n76.txt,34.62659998331219,256,5
graph_0118_n93.txt,12.683300068601966,620,8
graph_0119_n46.txt,7.325200014747679,96,2
graph_0120_n88.txt,13.65300000179559,298,6
graph_0121_n84.txt,8.217500057071447,65,2
graph_0122_n64.txt,6.728400010615587,105,2
graph_0123_n51.txt,6.965299951843917,105,2
graph_0124_n89.txt,10.635600076057017,134,2
graph_0125_n89.txt,8.691999944858253,172,4
graph_0126_n77.txt,9.848199901171029,40,1
graph_0127_n70.txt,106.54169996269047,230,4
graph_0128_n97.txt,39.53549999278039,291,4
graph_0129_n92.txt,13.487199903465807,85,2
graph_0130_n56.txt,8.851699996739626,157,3
graph_0131_n21.txt,4.260799963958561,211,3
graph_0132_n28.txt,6.842300062999129,88,1
graph_0133_n88.txt,12.643099995329976,164,4
graph_0134_n49.txt,5.03460003528744,66,1
graph_0135_n48.txt,8.663499960675836,250,4
graph_0136_n10.txt,1.590500003658235,134,2
graph_0137_n49.txt,6.153799942694604,111,3
graph_0138_n13.txt,2.430900000035763,41,1
graph_0139_n80.txt,8.975300006568432,249,4
graph_0140_n13.txt,1.5796999214217067,95,1
graph_0141_n17.txt,2.1853999933227897,70,1
graph_0142_n62.txt,10.56969992350787,274,5
graph_0143_n82.txt,6.403599982149899,72,1
graph_0144_n40.txt,9.76819999050349,203,3
graph_0145_n79.txt,11.809200048446655,131,3
graph_0146_n48.txt,7.546900073066354,105,2
graph_0147_n19.txt,3.683999995701015,122,2
graph_0148_n45.txt,6.335499929264188,101,3
graph_0149_n51.txt,5.402300041168928,171,3
graph_0150_n68.txt,9.549199952743948,245,5
graph_0151_n13.txt,2.0185000030323863,182,2
graph_0152_n32.txt,5.776599980890751,278,5
graph_0153_n53.txt,9.688999969512224,223,3
graph_0154_n35.txt,4.299200023524463,165,2
graph_0155_n72.txt,7.952700019814074,378,7
graph_0156_n100.txt,17.31399993877858,247,6
graph_0157_n56.txt,6.491399952210486,86,1
graph_0158_n54.txt,7.900600088760257,242,4
graph_0159_n99.txt,7.671099971048534,310,4
graph_0160_n28.txt,3.4892000257968903,124,2
graph_0161_n10.txt,1.7102999845519662,21,1
graph_0162_n36.txt,5.0755999982357025,124,2
graph_0163_n43.txt,5.581400007940829,289,5
graph_0164_n32.txt,2.9489999869838357,243,4
graph_0165_n60.txt,6.960800033994019,88,3
graph_0166_n8.txt,1.5197999309748411,25,1
graph_0167_n72.txt,3.752700053155422,41,1
graph_0168_n13.txt,1.5820000553503633,45,1
graph_0169_n9.txt,2.473799977451563,97,1
graph_0170_n56.txt,5.434900056570768,174,3
graph_0171_n80.txt,10.509199928492308,218,3
graph_0172_n12.txt,3.0240999767556787,104,2
graph_0173_n5.txt,1.1483000125735998,94,1
graph_0174_n23.txt,5.23310003336519,169,3
graph_0175_n87.txt,13.695499976165593,418,9
graph_0176_n55.txt,5.921600037254393,164,2
graph_0177_n31.txt,5.229500005953014,98,1
graph_0178_n77.txt,21.04340004734695,284,6
graph_0179_n8.txt,2.6002000086009502,190,2
graph_0180_n46.txt,3.520200029015541,323,5
graph_0181_n4.txt,1.7749000107869506,51,1
graph_0182_n91.txt,13.525000074878335,40,1
graph_0183_n86.txt,9.006200009025633,253,3
graph_0184_n100.txt,4.337400081567466,381,7
graph_0185_n48.txt,5.604399950243533,22,1
graph_0186_n78.txt,10.536099900491536,192,4
graph_0187_n31.txt,5.262900027446449,105,3
graph_0188_n45.txt,6.605800008401275,70,2
graph_0189_n39.txt,5.073000094853342,183,3
graph_0190_n27.txt,3.2682999735698104,109,2
graph_0191_n22.txt,3.400700050406158,71,2
graph_0192_n85.txt,14.188200002536178,308,5
graph_0193_n89.txt,7.284699939191341,218,3
graph_0194_n60.txt,10.976999998092651,263,4
graph_0195_n42.txt,7.167799980379641,206,4
graph_0196_n75.txt,10.110400035046041,140,3
graph_0197_n82.txt,10.451999958604574,272,4
graph_0198_n18.txt,3.1831000233069062,91,2
graph_0199_n70.txt,10.404899949207902,239,4
graph_0200_n61.txt,3.168799914419651,404,6
graph_0201_n40.txt,4.641900071874261,268,5
graph_0202_n29.txt,5.18269999884069,66,1
graph_0203_n86.txt,11.947799939662218,265,4
graph_0204_n56.txt,20.85919992532581,185,4
graph_0205_n6.txt,1.995400059968233,52,1
graph_0206_n81.txt,9.907100000418723,197,3
graph_0207_n76.txt,5.392399965785444,119,2
graph_0208_n97.txt,14.028399949893355,113,2
graph_0209_n26.txt,4.198500071652234,84,2
graph_0210_n31.txt,1.7634999239817262,72,1
graph_0211_n72.txt,9.646099992096424,345,6
graph_0212_n30.txt,2.4921000003814697,23,1
graph_0213_n66.txt,5.219500046223402,129,2
graph_0214_n86.txt,8.310999954119325,273,4
graph_0215_n8.txt,0.7128999568521976,64,2
graph_0216_n91.txt,9.200700093060732,264,4
graph_0217_n26.txt,4.284099908545613,194,3
graph_0218_n26.txt,1.9705999875441194,94,1
graph_0219_n72.txt,14.63850005529821,201,3
graph_0220_n61.txt,15.16409998293966,206,3
graph_0221_n60.txt,10.651100077666342,269,5
graph_0222_n68.txt,4.717100062407553,170,3
graph_0223_n28.txt,2.4877000832930207,75,1
graph_0224_n82.txt,18.38519994635135,220,3
graph_0225_n91.txt,10.734800016507506,125,3
graph_0226_n7.txt,1.6335999825969338,95,1
graph_0227_n52.txt,34.02060002554208,257,5
graph_0228_n79.txt,13.413199922069907,326,7
graph_0229_n5.txt,2.2102000657469034,47,2
graph_0230_n39.txt,8.624000009149313,188,3
graph_0231_n48.txt,5.20929996855557,70,2
graph_0232_n96.txt,11.919000069610775,86,3
graph_0233_n59.txt,7.108299992978573,156,2
graph_0234_n65.txt,9.14719991851598,32,1
graph_0235_n96.txt,8.845100062899292,148,2
graph_0236_n84.txt,16.661400091834366,419,7
graph_0237_n94.txt,14.659199980087578,237,3
graph_0238_n57.txt,6.599500076845288,211,3
graph_0239_n4.txt,1.021199976094067,60,1
graph_0240_n73.txt,9.158600005321205,206,3
graph_0241_n94.txt,13.103100005537271,299,5
graph_0242_n44.txt,4.539899993687868,189,2
graph_0243_n3.txt,1.456499914638698,88,1
graph_0244_n10.txt,1.8276000628247857,19,1
graph_0245_n45.txt,6.462399964220822,147,2
graph_0246_n65.txt,8.621099987067282,122,2
graph_0247_n47.txt,2.54829996265471,311,5
graph_0248_n77.txt,7.621999946422875,373,6
graph_0249_n23.txt,9.187199990265071,171,3
graph_0250_n19.txt,2.924900036305189,125,2
graph_0251_n76.txt,17.37329992465675,197,3
graph_0252_n69.txt,15.101700089871883,91,1
graph_0253_n40.txt,8.007800090126693,285,4
graph_0254_n92.txt,9.04369994532317,149,2
graph_0255_n21.txt,4.132400033995509,128,3
graph_0256_n84.txt,23.468300001695752,218,3
graph_0257_n79.txt,7.189400028437376,52,2
graph_0258_n11.txt,1.9105999963358045,154,2
graph_0259_n52.txt,10.4479999281466,293,6
graph_0260_n83.txt,14.797299983911216,145,3
graph_0261_n52.txt,10.890800040215254,301,5
graph_0262_n27.txt,3.7583999801427126,48,1
graph_0263_n52.txt,7.1183000691235065,87,2
graph_0264_n60.txt,12.247100006788969,80,2
graph_0265_n13.txt,2.79150006826967,84,1
graph_0266_n51.txt,7.531199953518808,277,4
graph_0267_n87.txt,8.027800009585917,85,1
graph_0268_n15.txt,3.193999989889562,116,2
graph_0269_n84.txt,9.990699938498437,236,3
graph_0270_n73.txt,9.680400020442903,233,3
graph_0271_n4.txt,2.4849000619724393,89,1
graph_0272_n49.txt,7.534399977885187,63,1
graph_0273_n94.txt,15.49470005556941,171,3
graph_0274_n58.txt,9.084500023163855,149,3
graph_0275_n76.txt,12.265300028957427,251,3
graph_0276_n45.txt,9.95029998011887,95,1
graph_0277_n7.txt,2.462300006300211,82,1
graph_0278_n91.txt,9.796999976970255,59,1
graph_0279_n91.txt,11.859300080686808,318,5
graph_0280_n32.txt,5.543199949897826,170,3
graph_0281_n81.txt,3.6475999513641,90,1
graph_0282_n71.txt,9.72219998948276,76,1
graph_0283_n7.txt,2.088800072669983,153,2
graph_0284_n30.txt,4.205500008538365,54,1
graph_0285_n68.txt,8.210700005292892,82,1
graph_0286_n29.txt,1.385499956086278,84,1
graph_0287_n19.txt,1.959300017915666,87,1
graph_0288_n55.txt,11.919200071133673,149,3
graph_0289_n47.txt,4.381900071166456,83,1
graph_0290_n33.txt,5.7030998868867755,135,2
graph_0291_n58.txt,6.654500029981136,72,1
graph_0292_n66.txt,13.49879999179393,375,5
graph_0293_n65.txt,7.2191000217571855,81,1
graph_0294_n100.txt,10.81699994392693,164,3
graph_0295_n17.txt,2.240000059828162,38,1
graph_0296_n66.txt,19.29510000627488,274,5
graph_0297_n5.txt,1.5613998984917998,61,1
graph_0298_n34.txt,4.110199981369078,187,3
graph_0299_n43.txt,11.653299909085035,273,4
graph_0300_n31.txt,4.5146000338718295,113,2
graph_0301_n491.txt,62.59649991989136,359,6
graph_0302_n300.txt,37.9881999688223,141,2
graph_0303_n219.txt,12.281599920243025,640,10
graph_0304_n121.txt,38.583799963817,280,5
graph_0305_n289.txt,54.76629990153015,258,5
graph_0306_n220.txt,46.468299929983914,71,1
graph_0307_n231.txt,41.774600045755506,181,2
graph_0308_n316.txt,81.42780000343919,451,6
graph_0309_n269.txt,26.302500045858324,338,5
graph_0310_n361.txt,49.80180005077273,412,8
graph_0311_n490.txt,81.18710003327578,195,4
graph_0312_n269.txt,31.22889995574951,407,6
graph_0313_n475.txt,65.59979997109622,246,4
graph_0314_n237.txt,32.31319994665682,124,2
graph_0315_n434.txt,48.779700067825615,446,8
graph_0316_n318.txt,74.92629997432232,305,4
graph_0317_n351.txt,48.33469993900508,315,4
graph_0318_n380.txt,134.54449991695583,223,4
graph_0319_n172.txt,37.71160007454455,347,5
graph_0320_n476.txt,102.2276000585407,314,6
graph_0321_n203.txt,41.64250008761883,520,8
graph_0322_n292.txt,54.44889992941171,266,5
graph_0323_n381.txt,43.81389997433871,167,2
graph_0324_n376.txt,36.29169997293502,283,5
graph_0325_n182.txt,31.81750001385808,340,5
graph_0326_n213.txt,46.28829995635897,297,6
graph_0327_n116.txt,30.25569999590516,178,4
graph_0328_n353.txt,37.85760002210736,377,7
graph_0329_n407.txt,47.217900049872696,620,10
graph_0330_n442.txt,57.93799995444715,225,4
graph_0331_n146.txt,31.562400050461292,261,4
graph_0332_n462.txt,56.224699947051704,190,4
graph_0333_n276.txt,26.331199915148318,335,6
graph_0334_n328.txt,31.302400049753487,415,6
graph_0335_n184.txt,36.98109998367727,252,6
graph_0336_n420.txt,45.64329993445426,333,5
graph_0337_n204.txt,30.720100039616227,477,7
graph_0338_n297.txt,43.389500002376735,254,3
graph_0339_n428.txt,40.87770008482039,310,5
graph_0340_n306.txt,94.16899993084371,415,8
graph_0341_n259.txt,28.134800028055906,279,5
graph_0342_n393.txt,54.6372999669984,245,6
graph_0343_n347.txt,23.241500020958483,499,8
graph_0344_n142.txt,17.702100099995732,196,4
graph_0345_n233.txt,18.017100053839386,294,5
graph_0346_n285.txt,64.5348000107333,333,4
graph_0347_n326.txt,36.91249992698431,199,3
graph_0348_n260.txt,32.696499954909086,120,2
graph_0349_n472.txt,95.2477001119405,324,5
graph_0350_n453.txt,130.6273000082001,236,4
graph_0351_n240.txt,25.646300055086613,248,4
graph_0352_n411.txt,62.8543000202626,316,4
graph_0353_n311.txt,31.55980003066361,525,7
graph_0354_n436.txt,45.68430001381785,189,3
graph_0355_n248.txt,30.104300007224083,95,1
graph_0356_n491.txt,142.53759989514947,287,6
graph_0357_n308.txt,40.60639999806881,315,6
graph_0358_n405.txt,32.507400028407574,201,3
graph_0359_n423.txt,117.11260001175106,255,5
graph_0360_n340.txt,46.47770000156015,340,5
graph_0361_n492.txt,63.46099998336285,464,8
graph_0362_n448.txt,49.01309998240322,369,7
graph_0363_n362.txt,56.88759998884052,309,5
graph_0364_n478.txt,42.31620009522885,171,4
graph_0365_n112.txt,16.581600066274405,323,6
graph_0366_n368.txt,26.61549998447299,74,1
graph_0367_n395.txt,34.05210003256798,90,1
graph_0368_n216.txt,68.760099937208,429,7
graph_0369_n339.txt,110.67630001343787,452,7
graph_0370_n109.txt,15.428200014866889,108,2
graph_0371_n299.txt,40.2225999860093,402,6
graph_0372_n204.txt,25.742400088347495,156,2
graph_0373_n352.txt,113.82079997565597,264,5
graph_0374_n192.txt,32.0521000539884,259,3
graph_0375_n466.txt,49.35710004065186,675,10
graph_0376_n281.txt,47.951600048691034,185,3
graph_0377_n216.txt,27.151399990543723,131,2
graph_0378_n167.txt,24.370099999941885,363,5
graph_0379_n188.txt,35.974300000816584,218,4
graph_0380_n278.txt,35.185599932447076,285,4
graph_0381_n159.txt,26.992900064215064,220,5
graph_0382_n489.txt,93.90820004045963,321,5
graph_0383_n455.txt,85.81560000311583,265,5
graph_0384_n468.txt,89.58709996659309,330,5
graph_0385_n113.txt,13.547400012612343,82,1
graph_0386_n362.txt,52.289400016888976,364,6
graph_0387_n229.txt,21.69840002898127,250,4
graph_0388_n275.txt,51.6662000445649,288,5
graph_0389_n111.txt,18.874799949117005,199,4
graph_0390_n318.txt,32.47849992476404,248,6
graph_0391_n123.txt,36.56609996687621,215,4
graph_0392_n439.txt,49.03049999848008,76,1
graph_0393_n415.txt,76.25789998564869,302,5
graph_0394_n465.txt,53.91850008163601,383,7
graph_0395_n339.txt,34.40930007491261,369,6
graph_0396_n351.txt,73.32600001245737,267,4
graph_0397_n472.txt,79.14719998370856,211,4
graph_0398_n458.txt,138.77179997507483,583,8
graph_0399_n462.txt,63.66879993584007,284,5
graph_0400_n317.txt,56.07120005879551,261,3
graph_0401_n444.txt,69.01909993030131,285,5
graph_0402_n122.txt,15.065099927596748,138,2
graph_0403_n402.txt,75.50849998369813,245,5
graph_0404_n142.txt,13.36870004888624,186,3
graph_0405_n352.txt,38.48160000052303,113,2
graph_0406_n191.txt,26.79329994134605,159,3
graph_0407_n483.txt,172.60690010152757,435,8
graph_0408_n307.txt,66.14939996507019,243,6
graph_0409_n448.txt,126.90080003812909,339,7
graph_0410_n220.txt,33.94739993382245,301,5
graph_0411_n286.txt,36.171099985949695,35,1
graph_0412_n262.txt,35.77780001796782,386,6
graph_0413_n371.txt,40.91440001502633,286,5
graph_0414_n154.txt,8.602799964137375,125,2
graph_0415_n204.txt,24.01549997739494,227,3
graph_0416_n201.txt,12.994599994271994,158,2
graph_0417_n195.txt,23.851400008425117,158,2
graph_0418_n176.txt,19.484400050714612,257,5
graph_0419_n104.txt,8.97870003245771,448,7
graph_0420_n227.txt,50.73630006518215,278,4
graph_0421_n143.txt,23.427800042554736,582,9
graph_0422_n209.txt,19.413799978792667,124,3
graph_0423_n447.txt,71.73219998367131,285,5
graph_0424_n456.txt,52.211100002750754,337,6
graph_0425_n316.txt,38.647200097329915,101,2
graph_0426_n442.txt,111.97690002154559,340,6
graph_0427_n106.txt,21.575600025244057,219,6
graph_0428_n427.txt,41.470499942079186,247,3
graph_0429_n315.txt,63.99359996430576,278,4
graph_0430_n377.txt,56.00119999144226,225,4
graph_0431_n404.txt,72.34590000007302,403,6
graph_0432_n370.txt,74.55260003916919,185,3
graph_0433_n316.txt,43.05510001722723,324,5
graph_0434_n376.txt,174.54610008280724,301,5
graph_0435_n341.txt,82.27370004169643,393,5
graph_0436_n370.txt,67.85760005004704,172,3
graph_0437_n152.txt,31.001399969682097,277,6
graph_0438_n309.txt,52.46960010845214,319,4
graph_0439_n128.txt,21.211499930359423,138,3
graph_0440_n189.txt,24.42120003979653,209,3
graph_0441_n221.txt,23.423300008289516,598,8
graph_0442_n161.txt,22.537400014698505,148,2
graph_0443_n335.txt,40.27309990487993,319,4
graph_0444_n442.txt,37.97389997635037,528,7
graph_0445_n355.txt,41.16759996395558,297,7
graph_0446_n194.txt,28.949399944394827,93,1
graph_0447_n397.txt,95.98739992361516,192,4
graph_0448_n105.txt,13.73150001745671,81,1
graph_0449_n130.txt,18.41480005532503,165,2
graph_0450_n422.txt,29.016599990427494,516,8
graph_0451_n223.txt,13.86319997254759,223,3
graph_0452_n327.txt,35.79370002262294,318,6
graph_0453_n352.txt,50.354299950413406,224,3
graph_0454_n444.txt,63.98689991328865,142,3
graph_0455_n113.txt,72.86899990867823,356,7
graph_0456_n461.txt,143.35350005421788,318,7
graph_0457_n196.txt,20.346199977211654,74,1
graph_0458_n303.txt,46.05890007223934,290,5
graph_0459_n318.txt,36.11280000768602,260,5
graph_0460_n208.txt,12.711900053545833,318,4
graph_0461_n102.txt,11.906799976713955,251,4
graph_0462_n487.txt,115.24789989925921,367,6
graph_0463_n350.txt,43.940800009295344,523,8
graph_0464_n381.txt,75.48949995543808,336,5
graph_0465_n397.txt,77.22019997891039,223,3
graph_0466_n488.txt,118.0746000027284,314,5
graph_0467_n107.txt,20.35539993084967,121,3
graph_0468_n181.txt,36.289700074121356,269,5
graph_0469_n195.txt,17.40569993853569,182,3
graph_0470_n196.txt,18.64139991812408,307,5
graph_0471_n371.txt,47.30360000394285,305,4
graph_0472_n447.txt,30.902799917384982,217,3
graph_0473_n287.txt,117.33039992395788,211,5
graph_0474_n308.txt,45.92240008059889,223,4
graph_0475_n482.txt,87.51380001194775,120,3
graph_0476_n452.txt,65.70699997246265,559,8
graph_0477_n307.txt,49.79780002031475,74,1
graph_0478_n201.txt,25.613800040446222,515,8
graph_0479_n397.txt,129.90470009390265,146,2
graph_0480_n215.txt,44.504999998025596,237,4
graph_0481_n287.txt,95.40759993251413,426,7
graph_0482_n276.txt,38.802600000053644,223,5
graph_0483_n359.txt,43.63179998472333,170,4
graph_0484_n128.txt,9.122499963268638,496,8
graph_0485_n365.txt,172.34709998592734,225,3
graph_0486_n431.txt,78.45190004445612,443,6
graph_0487_n115.txt,13.591099996119738,153,3
graph_0488_n149.txt,14.419500017538667,83,1
graph_0489_n379.txt,75.29830001294613,244,4
graph_0490_n118.txt,11.413499945774674,411,7
graph_0491_n336.txt,44.00860005989671,211,3
graph_0492_n400.txt,31.59400005824864,549,10
graph_0493_n421.txt,54.550600005313754,228,3
graph_0494_n334.txt,29.228600091300905,16,1
graph_0495_n357.txt,38.615599973127246,551,11
graph_0496_n290.txt,40.63780000433326,194,3
graph_0497_n368.txt,45.6523000029847,451,6
graph_0498_n226.txt,35.06410005502403,145,2
graph_0499_n121.txt,12.533300090581179,132,2
graph_0500_n209.txt,50.185399944894016,234,5
graph_0501_n1000.txt,233.76219999045134,269,5
graph_0502_n836.txt,129.5362999662757,319,5
graph_0503_n992.txt,360.6682999525219,413,7
graph_0504_n864.txt,90.31690005213022,612,9
graph_0505_n770.txt,112.34699992928654,224,5
graph_0506_n979.txt,263.48649989813566,371,6
graph_0507_n516.txt,63.849200028926134,255,4
graph_0508_n635.txt,81.80489996448159,281,4
graph_0509_n889.txt,469.5635999087244,403,7
graph_0510_n821.txt,192.91869993321598,376,8
graph_0511_n751.txt,89.5816000411287,306,5
graph_0512_n516.txt,73.617999907583,156,2
graph_0513_n634.txt,194.05609997920692,231,5
graph_0514_n959.txt,67.91319989133626,210,4
graph_0515_n675.txt,90.94710007775575,384,6
graph_0516_n909.txt,108.50809991825372,105,4
graph_0517_n710.txt,85.07639996241778,381,6
graph_0518_n869.txt,85.09890001732856,914,15
graph_0519_n775.txt,114.01509994175285,295,5
graph_0520_n859.txt,100.83749995101243,286,4
graph_0521_n810.txt,161.7846000008285,195,3
graph_0522_n528.txt,107.57849994115531,445,7
graph_0523_n570.txt,64.57300006877631,362,7
graph_0524_n693.txt,110.14749994501472,233,3
graph_0525_n878.txt,62.374899978749454,628,10
graph_0526_n939.txt,139.37049999367446,389,6
graph_0527_n792.txt,126.70470005832613,507,9
graph_0528_n545.txt,59.49340004008263,273,5
graph_0529_n694.txt,148.53500004392117,462,9
graph_0530_n606.txt,72.52110005356371,176,4
graph_0531_n818.txt,445.1298000058159,280,5
graph_0532_n609.txt,292.17780008912086,258,5
graph_0533_n807.txt,55.947800050489604,766,10
graph_0534_n854.txt,84.95170006062835,403,7
graph_0535_n806.txt,74.97959991451353,275,4
graph_0536_n814.txt,68.94749996718019,386,7
graph_0537_n992.txt,105.05789995659143,300,6
graph_0538_n880.txt,183.7314999429509,553,9
graph_0539_n859.txt,160.0656999507919,278,4
graph_0540_n835.txt,91.15410002414137,301,5
graph_0541_n790.txt,49.723500036634505,709,12
graph_0542_n750.txt,138.22099997196347,280,4
graph_0543_n690.txt,118.9003000035882,355,6
graph_0544_n677.txt,49.09699992276728,311,5
graph_0545_n685.txt,53.72399999760091,151,2
graph_0546_n887.txt,226.07149998657405,267,6
graph_0547_n608.txt,317.72120005916804,346,5
graph_0548_n840.txt,52.36430000513792,450,7
graph_0549_n661.txt,327.07599992863834,453,7
graph_0550_n995.txt,193.1705999886617,338,6
graph_0551_n837.txt,323.3249000040814,199,4
graph_0552_n948.txt,158.7149000260979,494,8
graph_0553_n974.txt,70.36080001853406,383,7
graph_0554_n933.txt,197.6239999057725,324,5
graph_0555_n510.txt,73.41559999622405,216,6
graph_0556_n726.txt,303.2963000005111,442,9
graph_0557_n735.txt,110.566999996081,492,10
graph_0558_n829.txt,54.0418999735266,696,11
graph_0559_n975.txt,172.66989999916404,366,5
graph_0560_n944.txt,66.25579996034503,481,9
graph_0561_n531.txt,82.16910006012768,339,5
graph_0562_n885.txt,197.78359995689243,488,7
graph_0563_n926.txt,201.9836000399664,252,5
graph_0564_n762.txt,156.57790005207062,341,8
graph_0565_n668.txt,63.18309996277094,383,6
graph_0566_n553.txt,30.555000063031912,324,4
graph_0567_n892.txt,225.91460007242858,163,3
graph_0568_n755.txt,281.11879993230104,471,7
graph_0569_n647.txt,125.26299990713596,310,5
graph_0570_n621.txt,39.32159999385476,342,7
graph_0571_n850.txt,52.36249999143183,404,7
graph_0572_n529.txt,52.965400042012334,403,6
graph_0573_n686.txt,88.38370000012219,240,4
graph_0574_n523.txt,67.37559998873621,254,4
graph_0575_n595.txt,106.98969999793917,236,6
graph_0576_n566.txt,58.628000086173415,304,5
graph_0577_n816.txt,83.77859997563064,406,7
graph_0578_n939.txt,112.8705000737682,349,7
graph_0579_n734.txt,83.66050000768155,385,6
graph_0580_n587.txt,56.070299935527146,467,8
graph_0581_n920.txt,55.637800018303096,642,11
graph_0582_n684.txt,253.16189997829497,500,9
graph_0583_n697.txt,125.8067999733612,380,7
graph_0584_n612.txt,86.92099992185831,326,5
graph_0585_n576.txt,33.09210005681962,316,4
graph_0586_n714.txt,110.61149998567998,325,5
graph_0587_n976.txt,150.0779000343755,402,6
graph_0588_n910.txt,325.46890003141016,501,7
graph_0589_n764.txt,84.28040007129312,393,6
graph_0590_n705.txt,135.8411000110209,509,8
graph_0591_n927.txt,219.01410003192723,382,5
graph_0592_n555.txt,160.89800000190735,339,5
graph_0593_n539.txt,45.97540001850575,532,12
graph_0594_n504.txt,54.831699933856726,134,2
graph_0595_n654.txt,91.84819995425642,342,6
graph_0596_n502.txt,104.34580000583082,305,6
graph_0597_n746.txt,115.30439998023212,572,9
graph_0598_n883.txt,98.40109990909696,164,2
graph_0599_n829.txt,156.60860005300492,428,7
graph_0600_n855.txt,166.2153999786824,237,6
graph_0601_n3307.txt,1329.9551999662071,402,7
graph_0602_n1932.txt,444.8347999714315,199,4
graph_0603_n1935.txt,263.7010000180453,1078,17
graph_0604_n3550.txt,1680.2872000262141,438,9
graph_0605_n1583.txt,173.1471000239253,547,9
graph_0606_n1656.txt,280.36989993415773,798,13
graph_0607_n2818.txt,1275.8371999952942,350,6
graph_0608_n2994.txt,714.5967000396922,395,7
graph_0609_n2608.txt,692.0490999473259,252,4
graph_0610_n3248.txt,979.4434000505134,572,8
graph_0611_n3342.txt,774.8262999812141,663,12
graph_0612_n1020.txt,202.82829995267093,351,6
graph_0613_n2152.txt,549.3387999013066,306,6
graph_0614_n1485.txt,196.60339993424714,623,9
graph_0615_n2810.txt,999.7174999443814,425,7
graph_0616_n1475.txt,409.059299970977,271,4
graph_0617_n2820.txt,698.6921000061557,770,10
graph_0618_n2007.txt,418.05510001722723,388,7
graph_0619_n1267.txt,282.2122999932617,315,7
graph_0620_n2948.txt,1251.1440000962466,366,6
graph_0621_n1940.txt,729.396800044924,143,3
graph_0622_n1138.txt,254.46899991948158,218,4
graph_0623_n3144.txt,1089.2240999964997,261,6
graph_0624_n2282.txt,399.00169998873025,837,13
graph_0625_n3792.txt,2624.5101999957114,439,7
graph_0626_n3447.txt,1119.0060999942943,254,5
graph_0627_n2347.txt,795.0483000604436,253,5
graph_0628_n1502.txt,247.0571999438107,693,11
graph_0629_n1690.txt,527.8390999883413,348,6
graph_0630_n1493.txt,345.6027000211179,219,6
graph_0631_n2214.txt,1046.280900016427,310,6
graph_0632_n3357.txt,1575.4508000100031,485,11
graph_0633_n1762.txt,970.7143000559881,252,4
graph_0634_n1843.txt,903.0995999928564,358,5
graph_0635_n2121.txt,280.6845000013709,709,11
graph_0636_n1109.txt,207.56359992083162,170,3
graph_0637_n1946.txt,1100.7008000742644,229,4
graph_0638_n3326.txt,430.74909993447363,736,12
graph_0639_n1693.txt,529.5532000018284,379,5
graph_0640_n1902.txt,1489.1326000215486,376,8
graph_0641_n2014.txt,1024.4663999183103,79,1
graph_0642_n1500.txt,210.1449000183493,392,6
graph_0643_n3217.txt,502.2519000340253,790,12
graph_0644_n1748.txt,293.95219997968525,565,8
graph_0645_n3457.txt,412.4859001021832,851,14
graph_0646_n3170.txt,980.1196999615058,546,10
graph_0647_n2396.txt,581.5003999741748,306,6
graph_0648_n2664.txt,741.0332000581548,291,5
graph_0649_n3662.txt,1070.992000051774,953,15
graph_0650_n3906.txt,1287.596800015308,268,5
graph_0651_n3014.txt,738.746999995783,861,15
graph_0652_n3387.txt,1041.3806999567896,377,6
graph_0653_n3451.txt,9512.828100007027,409,7
graph_0654_n1409.txt,470.1375000877306,356,8
graph_0655_n2744.txt,353.81390003021806,450,10
graph_0656_n3202.txt,497.48459993861616,565,9
graph_0657_n2438.txt,656.0719000408426,325,6
graph_0658_n2279.txt,284.2221000464633,375,6
graph_0659_n2588.txt,1526.794399949722,333,6
graph_0660_n3678.txt,267.8908999077976,514,8
graph_0661_n3170.txt,789.3321999581531,370,5
graph_0662_n2689.txt,817.9533999646083,296,4
graph_0663_n2000.txt,297.50099999364465,380,5
graph_0664_n2643.txt,144.18689999729395,581,8
graph_0665_n1367.txt,147.18880003783852,267,6
graph_0666_n1765.txt,507.55280000157654,177,3
graph_0667_n1490.txt,193.35279997903854,294,5
graph_0668_n2863.txt,404.6010000165552,705,11
graph_0669_n1741.txt,148.59469991642982,696,13
graph_0670_n3665.txt,538.6786999879405,389,6
graph_0671_n3298.txt,1106.9703000830486,473,10
graph_0672_n3836.txt,736.3132999744266,427,8
graph_0673_n1976.txt,368.64550004247576,367,7
graph_0674_n2494.txt,581.0824999352917,306,7
graph_0675_n1699.txt,307.8347999835387,196,4
graph_0676_n2257.txt,919.6547000901774,488,9
graph_0677_n2327.txt,584.6401000162587,332,7
graph_0678_n1111.txt,142.7776999771595,415,6
graph_0679_n1706.txt,89.85530002973974,401,6
graph_0680_n3610.txt,860.6689000735059,494,9
graph_0681_n2358.txt,398.9203000674024,307,7
graph_0682_n1788.txt,161.01799998432398,739,11
graph_0683_n3251.txt,763.0231999792159,304,7
graph_0684_n1461.txt,133.68289999198169,260,6
graph_0685_n1415.txt,285.8822999987751,432,8
graph_0686_n3686.txt,562.2934000566602,511,10
graph_0687_n1001.txt,65.67569996695966,598,9
graph_0688_n2522.txt,662.6877998933196,419,7
graph_0689_n3476.txt,1031.3998000929132,546,10
graph_0690_n3148.txt,1127.3290000390261,592,11
graph_0691_n3976.txt,659.6415999811143,501,10
graph_0692_n1881.txt,227.44950000196695,754,10
graph_0693_n1150.txt,65.58940000832081,722,14
graph_0694_n1868.txt,218.35799992550164,177,3
graph_0695_n1191.txt,426.8202999373898,549,13
graph_0696_n2726.txt,866.806700010784,341,5
graph_0697_n3858.txt,812.9056999459863,513,8
graph_0698_n1269.txt,144.6683999383822,398,8
graph_0699_n3013.txt,1901.8648999044672,549,9
graph_0700_n1380.txt,429.60309993941337,532,9
graph_0701_n4087.txt,1141.9410000089556,325,5
graph_0702_n4305.txt,927.5473000016063,712,13
graph_0703_n4215.txt,705.3673000773415,728,13
graph_0704_n4611.txt,1893.4923000633717,599,9
graph_0705_n4787.txt,576.0516999289393,1277,20
graph_0706_n4318.txt,933.086899924092,217,3
graph_0707_n4586.txt,893.620099988766,718,12
graph_0708_n4116.txt,1963.5997998993844,497,10
graph_0709_n4556.txt,755.7684000348672,859,13
graph_0710_n4718.txt,1298.6162999877706,659,10
graph_0711_n4260.txt,661.482400028035,635,10
graph_0712_n4320.txt,2502.543800044805,539,8
graph_0713_n4989.txt,1032.889600028284,382,5
graph_0714_n4285.txt,524.5611000573263,658,9
graph_0715_n4959.txt,1312.3000001069158,429,7
graph_0716_n4868.txt,1101.3677000300959,492,8
graph_0717_n4185.txt,440.13800006359816,652,11
graph_0718_n4351.txt,1762.5126000493765,328,7
graph_0719_n4844.txt,1002.269700053148,249,3
graph_0720_n4290.txt,1334.4506999710575,355,6
graph_0721_n4167.txt,464.0498000662774,939,17
graph_0722_n4227.txt,534.1157000511885,785,14
graph_0723_n4595.txt,3492.0548000372946,312,7
graph_0724_n4102.txt,3693.3934000553563,800,14
graph_0725_n4363.txt,1007.0133999688551,677,11
graph_0726_n4498.txt,935.3350000455976,308,4
graph_0727_n4062.txt,933.0553999170661,659,11
graph_0728_n4847.txt,1805.930099915713,547,10
graph_0729_n4243.txt,559.5778999850154,683,10
graph_0730_n4486.txt,2950.7829999784008,514,8
graph_0731_n4166.txt,954.3959000147879,310,5
graph_0732_n4231.txt,657.4589000083506,467,8
graph_0733_n4778.txt,1044.6079999674112,604,10
graph_0734_n4652.txt,959.4336000736803,391,7
graph_0735_n4213.txt,1443.7617999501526,606,11
graph_0736_n4226.txt,2204.194199992344,353,5
graph_0737_n4281.txt,1131.887499941513,584,10
graph_0738_n4939.txt,1611.7536999518052,367,6
graph_0739_n4525.txt,439.1544000245631,987,17
graph_0740_n4078.txt,1262.6077000750229,484,8
graph_0741_n4421.txt,1528.1779000069946,435,7
graph_0742_n4297.txt,6787.265500053763,348,7
graph_0743_n4414.txt,994.8318999959156,543,10
graph_0744_n4296.txt,593.2027000235394,400,8
graph_0745_n4977.txt,873.1681000208482,208,4
graph_0746_n4066.txt,570.9242000011727,837,14
graph_0747_n4863.txt,1712.236399995163,359,7
graph_0748_n4391.txt,673.4597999602556,717,12
graph_0749_n4082.txt,870.0084999436513,487,9
graph_0750_n4730.txt,1548.8515000324696,287,6
graph_0751_n5612.txt,797.3230000352487,728,11
graph_0752_n5855.txt,3372.6598999928683,398,6
graph_0753_n5184.txt,7361.298199975863,540,10
graph_0754_n5951.txt,1009.5837999833748,717,11
graph_0755_n5517.txt,2388.8049999950454,383,8
graph_0756_n5017.txt,2540.623200009577,313,5
graph_0757_n5017.txt,1383.103200001642,221,3
graph_0758_n5496.txt,1688.9722999185324,308,5
graph_0759_n5140.txt,750.4262999864295,1056,17
graph_0760_n5072.txt,1145.844499929808,302,6
graph_0761_n5780.txt,547.6596000371501,645,9
graph_0762_n5835.txt,1425.4679000005126,405,7
graph_0763_n5180.txt,9094.99789995607,472,10
graph_0764_n5321.txt,1144.0633999882266,458,8
graph_0765_n5389.txt,9622.577200061642,391,5
graph_0766_n5080.txt,1097.0416000345722,456,8
graph_0767_n5124.txt,1357.9593999311328,287,5
graph_0768_n5809.txt,2068.036900018342,495,8
graph_0769_n5526.txt,1918.4697999153286,783,12
graph_0770_n5561.txt,477.631299989298,512,9
graph_0771_n5643.txt,2627.198800095357,489,8
graph_0772_n5213.txt,9130.849699955434,481,8
graph_0773_n5841.txt,5091.687199892476,487,9
graph_0774_n5076.txt,1235.3968999814242,440,9
graph_0775_n5811.txt,1640.2618000283837,315,6
graph_0776_n5257.txt,3232.4400999350473,435,8
graph_0777_n5130.txt,2312.753399950452,324,5
graph_0778_n5095.txt,2651.574199902825,292,4
graph_0779_n5073.txt,6410.115699982271,481,8
graph_0780_n5317.txt,3227.0419999258593,375,7
graph_0781_n5100.txt,1808.0707000335678,555,8
graph_0782_n5448.txt,1277.451799949631,367,6
graph_0783_n5224.txt,2115.2127999812365,374,8
graph_0784_n5428.txt,1229.737300076522,387,7
graph_0785_n5706.txt,3645.2621000353247,458,8
graph_0786_n5862.txt,4336.652399972081,536,8
graph_0787_n5613.txt,2561.156800016761,365,6
graph_0788_n5081.txt,1626.832399982959,304,5
graph_0789_n5685.txt,1347.4555999273434,440,8
graph_0790_n5261.txt,1956.4437000080943,468,8
graph_0791_n5090.txt,1590.2128999587148,278,5
graph_0792_n5079.txt,1806.5223000012338,438,8
graph_0793_n5882.txt,878.659600042738,799,14
graph_0794_n5546.txt,1986.5678999340162,227,4
graph_0795_n5998.txt,685.4490999830887,640,11
graph_0796_n5354.txt,2125.2243000781164,513,9
graph_0797_n5396.txt,1582.0226999931037,292,6
graph_0798_n5829.txt,1613.7146000983194,432,8
graph_0799_n5581.txt,1351.5961000230163,333,7
graph_0800_n5438.txt,460.44020005501807,199,4
graph_0801_n6215.txt,3092.407300020568,287,6
graph_0802_n6264.txt,7885.373499942943,366,6
graph_0803_n6807.txt,9380.414900020696,309,6
graph_0804_n6615.txt,882.8647000482306,1203,18
graph_0805_n6136.txt,606.2657999573275,676,11
graph_0806_n6826.txt,2353.2952000387013,322,6
graph_0807_n6558.txt,3229.939499986358,406,9
graph_0808_n6777.txt,2991.891299956478,324,5
graph_0809_n6717.txt,2059.0196000412107,342,5
graph_0810_n6366.txt,9897.341500036418,338,5
graph_0811_n6282.txt,3841.6934000561014,304,6
graph_0812_n6832.txt,4192.7541999612,458,8
graph_0813_n6681.txt,7603.411699994467,450,7
graph_0814_n6781.txt,2571.4489999227226,290,5
graph_0815_n6351.txt,4197.026200010441,547,12
graph_0816_n6117.txt,9462.890099966899,inf,0
graph_0817_n6301.txt,3623.168100020848,226,4
graph_0818_n6931.txt,6977.355300099589,735,11
graph_0819_n6784.txt,7816.307500004768,616,10
graph_0820_n6485.txt,2090.3121000155807,335,5
graph_0821_n6819.txt,2515.517199994065,253,6
graph_0822_n6746.txt,2099.641399923712,327,6
graph_0823_n6790.txt,7980.210400070064,456,7
graph_0824_n6193.txt,1562.011200003326,499,8
graph_0825_n6877.txt,1927.957999985665,418,7
graph_0826_n6418.txt,2299.2255999706686,473,8
graph_0827_n6378.txt,2763.668399886228,437,7
graph_0828_n6142.txt,7934.9522000411525,447,6
graph_0829_n6225.txt,5021.097799995914,500,8
graph_0830_n6576.txt,3644.7790999663994,368,7
graph_0831_n6065.txt,1311.3747000461444,479,9
graph_0832_n6373.txt,6773.081499966793,441,7
graph_0833_n6953.txt,5612.521399976686,346,8
graph_0834_n6698.txt,775.4940999438986,863,16
graph_0835_n6752.txt,1584.673700039275,658,12
graph_0836_n6714.txt,3906.5085001057014,373,8
graph_0837_n6413.txt,1469.8200999991968,738,12
graph_0838_n6918.txt,2228.1727000372484,156,3
graph_0839_n6505.txt,1903.1362000387162,590,9
graph_0840_n6067.txt,5258.800199953839,378,7
graph_0841_n6976.txt,9217.970500001684,408,9
graph_0842_n6818.txt,3278.517200029455,874,14
graph_0843_n6276.txt,694.1789000993595,516,8
graph_0844_n6446.txt,1048.9847999997437,461,7
graph_0845_n6067.txt,7086.6072999779135,557,7
graph_0846_n6441.txt,7950.853899936192,371,8
graph_0847_n6294.txt,4566.549599985592,371,8
graph_0848_n6094.txt,1277.5399999227375,707,10
graph_0849_n6560.txt,1887.1920000528917,779,12
graph_0850_n6103.txt,1308.4317999891937,668,11
graph_0851_n7639.txt,2157.384100020863,627,10
graph_0852_n7043.txt,1586.0165000194684,494,9
graph_0853_n7896.txt,986.4501999691129,799,12
graph_0854_n7148.txt,2884.021300007589,611,11
graph_0855_n7225.txt,3181.959499954246,371,7
graph_0856_n7363.txt,10007.352599990554,2339,34
graph_0857_n7877.txt,3993.521999916993,507,9
graph_0858_n7383.txt,1847.0023999689147,570,11
graph_0859_n7177.txt,2823.329900042154,422,7
graph_0860_n7726.txt,3422.130099963397,865,13
graph_0861_n7658.txt,2366.654699901119,349,6
graph_0862_n7151.txt,3589.0319999307394,329,4
graph_0863_n7917.txt,4234.22819992993,463,8
graph_0864_n7052.txt,1468.0759999901056,458,8
graph_0865_n7726.txt,2989.7521999664605,376,6
graph_0866_n7593.txt,1635.123800020665,825,12
graph_0867_n7860.txt,4773.503200034611,437,8
graph_0868_n7383.txt,2541.6474000085145,612,11
graph_0869_n7280.txt,4057.778100017458,357,6
graph_0870_n7930.txt,1485.3211999870837,776,12
graph_0871_n7284.txt,2012.8830999601632,990,16
graph_0872_n7223.txt,4444.788300083019,477,9
graph_0873_n7027.txt,6432.788200094365,338,7
graph_0874_n7482.txt,5063.683199929073,483,8
graph_0875_n7741.txt,3752.5636999635026,239,5
graph_0876_n7979.txt,6662.335000000894,545,9
graph_0877_n7253.txt,2645.282999961637,364,8
graph_0878_n7291.txt,10087.34539989382,inf,0
graph_0879_n7956.txt,1817.8671000059694,894,13
graph_0880_n7720.txt,2665.4085000045598,408,7
graph_0881_n7022.txt,2513.0411999998614,418,6
graph_0882_n7673.txt,9508.346799993888,1825,28
graph_0883_n7439.txt,1296.5828999876976,783,13
graph_0884_n7131.txt,2340.6905999872833,689,11
graph_0885_n7839.txt,3604.3980999384075,467,8
graph_0886_n7498.txt,5476.148799993098,513,7
graph_0887_n7987.txt,1893.4408000204712,523,9
graph_0888_n7864.txt,9962.585699977353,inf,0
graph_0889_n7297.txt,2974.7760000173002,332,6
graph_0890_n7604.txt,6016.199799953029,489,8
graph_0891_n7117.txt,3720.6228999421,267,6
graph_0892_n7708.txt,1642.5115000456572,734,10
graph_0893_n7210.txt,3787.874599918723,528,10
graph_0894_n7602.txt,5133.266700082459,503,9
graph_0895_n7923.txt,2816.7784999823198,487,10
graph_0896_n7999.txt,3831.448399927467,457,9
graph_0897_n7528.txt,3258.9084999635816,344,7
graph_0898_n7475.txt,5012.315100058913,520,7
graph_0899_n7530.txt,4551.014199969359,507,9
graph_0900_n7794.txt,2926.0713000549003,343,5
graph_0901_n8239.txt,9462.810800061561,609,10
graph_0902_n8570.txt,9746.06109992601,inf,0
graph_0903_n8642.txt,4820.242400048301,381,7
graph_0904_n8265.txt,9467.715699924156,453,7
graph_0905_n8906.txt,7315.7738000154495,459,7
graph_0906_n8949.txt,10312.006099964492,inf,0
graph_0907_n8470.txt,3016.749700065702,901,13
graph_0908_n8377.txt,7341.958899982274,576,11
graph_0909_n8362.txt,6178.039100021124,890,16
graph_0910_n8392.txt,4924.888899899088,510,8
graph_0911_n8471.txt,5910.589899984188,1203,20
graph_0912_n8305.txt,4063.263999996707,609,13
graph_0913_n8573.txt,9505.702499998733,536,9
graph_0914_n8109.txt,2530.6922000600025,664,10
graph_0915_n8958.txt,3526.3602000195533,505,8
graph_0916_n8146.txt,3802.0339999347925,515,7
graph_0917_n8125.txt,4788.400200079195,644,16
graph_0918_n8841.txt,4976.145899971016,546,8
graph_0919_n8489.txt,1867.3686000984162,944,13
graph_0920_n8369.txt,9451.004400034435,1844,29
graph_0921_n8940.txt,1343.0100999539718,624,11
graph_0922_n8821.txt,3267.840399988927,637,12
graph_0923_n8536.txt,7498.432999942452,501,7
graph_0924_n8217.txt,3397.378799971193,442,8
graph_0925_n8593.txt,9434.725400060415,1037,18
graph_0926_n8975.txt,1397.0592999830842,942,15
graph_0927_n8688.txt,2760.973699972965,575,8
graph_0928_n8044.txt,2474.6497999876738,604,9
graph_0929_n8448.txt,3140.072299982421,612,11
graph_0930_n8408.txt,1444.3770000943914,723,13
graph_0931_n8673.txt,3317.5760000012815,354,8
graph_0932_n8631.txt,3189.0753000043333,611,11
graph_0933_n8613.txt,3700.2374000148848,362,6
graph_0934_n8595.txt,1069.3813000107184,965,19
graph_0935_n8921.txt,9292.814300046302,651,10
graph_0936_n8572.txt,3799.2470000172034,507,10
graph_0937_n8932.txt,3413.2437999360263,590,8
graph_0938_n8189.txt,9487.101900042035,636,9
graph_0939_n8447.txt,6542.904600035399,499,9
graph_0940_n8519.txt,4625.925500062294,515,8
graph_0941_n8939.txt,7016.861999989487,532,10
graph_0942_n8158.txt,1475.5069999955595,746,12
graph_0943_n8512.txt,1787.9084000596777,609,11
graph_0944_n8083.txt,4094.176199985668,432,7
graph_0945_n8417.txt,6254.174200003035,406,6
graph_0946_n8128.txt,6349.390699993819,621,10
graph_0947_n8394.txt,9334.254399989732,450,9
graph_0948_n8494.txt,5770.570200053044,329,5
graph_0949_n8946.txt,9340.850600041449,399,8
graph_0950_n8945.txt,3580.8622000040486,519,8
graph_0951_n9286.txt,9954.962299903855,844,11
graph_0952_n9880.txt,9874.003799981438,2158,31
graph_0953_n9616.txt,6821.765000000596,484,7
graph_0954_n9767.txt,1914.6399999735877,847,14
graph_0955_n9889.txt,4892.760399961844,343,7
graph_0956_n9344.txt,4410.1380000356585,552,8
graph_0957_n9565.txt,7737.258000066504,479,6
graph_0958_n9122.txt,6649.498000042513,454,10
graph_0959_n9161.txt,2776.7806999618188,824,14
graph_0960_n9494.txt,2211.6512999637052,924,16
graph_0961_n9838.txt,7072.5924000144005,433,7
graph_0962_n9508.txt,9431.586999911815,487,10
graph_0963_n9366.txt,6356.5940000116825,412,6
graph_0964_n9737.txt,1608.7555000558496,782,14
graph_0965_n9885.txt,4362.54070000723,532,9
graph_0966_n9377.txt,3280.032700044103,572,8
graph_0967_n9682.txt,1957.4767999583855,791,16
graph_0968_n9720.txt,10049.206099938601,2455,36
graph_0969_n9180.txt,4394.705299986526,214,4
graph_0970_n9696.txt,3736.482399981469,530,8
graph_0971_n9346.txt,2962.7851999830455,672,10
graph_0972_n9275.txt,7670.525199966505,480,11
graph_0973_n9853.txt,10019.898899947293,4317,68
graph_0974_n9482.txt,9463.97430007346,inf,0
graph_0975_n9364.txt,9757.104499964043,inf,0
graph_0976_n9266.txt,9584.195999894291,inf,0
graph_0977_n9987.txt,9986.441999906674,inf,0
graph_0978_n9006.txt,4928.9592000423,320,7
graph_0979_n9989.txt,8382.965299999341,727,11
graph_0980_n9914.txt,9816.36079994496,inf,0
graph_0981_n9822.txt,9404.616300016642,986,17
graph_0982_n9705.txt,3871.7245999723673,341,6
graph_0983_n9026.txt,9321.367700002156,inf,0
graph_0984_n9835.txt,8936.820800066926,532,11
graph_0985_n9888.txt,3764.579899958335,418,6
graph_0986_n9662.txt,3670.6845000153407,473,7
graph_0987_n9166.txt,8234.355499967933,556,10
graph_0988_n9686.txt,6634.054300026037,600,11
graph_0989_n9619.txt,10076.311400043778,inf,0
graph_0990_n9760.txt,9565.818100003526,299,8
graph_0991_n9008.txt,2257.7654001070186,927,15
graph_0992_n9539.txt,6475.982000003569,377,6
graph_0993_n9178.txt,6599.842100054957,437,9
graph_0994_n9051.txt,4866.0777999321,448,8
graph_0995_n9819.txt,5798.936800099909,551,9
graph_0996_n9870.txt,2874.9379999935627,715,13
graph_0997_n9498.txt,8525.56600002572,624,8
graph_0998_n9538.txt,4625.371500034817,493,10
graph_0999_n9158.txt,3165.2743000304326,619,11
graph_1000_n9759.txt,9296.727400040254,inf,0
