graph_file,num_nodes,ideal_cost_real,ideal_path_length
graph_0001_n43.txt,43,198,3
graph_0002_n20.txt,20,59,1
graph_0003_n9.txt,9,53,1
graph_0004_n74.txt,74,111,2
graph_0005_n85.txt,85,70,1
graph_0006_n98.txt,98,165,3
graph_0007_n3.txt,3,31,1
graph_0008_n58.txt,58,148,3
graph_0009_n17.txt,17,80,1
graph_0010_n61.txt,61,226,3
graph_0011_n80.txt,80,117,2
graph_0012_n64.txt,64,206,5
graph_0013_n48.txt,48,139,2
graph_0014_n39.txt,39,139,2
graph_0015_n91.txt,91,272,6
graph_0016_n65.txt,65,228,3
graph_0017_n44.txt,44,259,4
graph_0018_n51.txt,51,202,3
graph_0019_n24.txt,24,92,1
graph_0020_n19.txt,19,56,1
graph_0021_n9.txt,9,96,2
graph_0022_n6.txt,6,40,1
graph_0023_n84.txt,84,353,6
graph_0024_n45.txt,45,138,2
graph_0025_n39.txt,39,72,1
graph_0026_n69.txt,69,190,3
graph_0027_n49.txt,49,229,7
graph_0028_n66.txt,66,175,3
graph_0029_n25.txt,25,125,2
graph_0030_n98.txt,98,233,3
graph_0031_n56.txt,56,304,5
graph_0032_n55.txt,55,203,3
graph_0033_n95.txt,95,177,3
graph_0034_n33.txt,33,118,2
graph_0035_n94.txt,94,241,4
graph_0036_n86.txt,86,95,1
graph_0037_n94.txt,94,112,2
graph_0038_n46.txt,46,117,2
graph_0039_n4.txt,4,73,1
graph_0040_n66.txt,66,268,5
graph_0041_n33.txt,33,48,1
graph_0042_n87.txt,87,308,5
graph_0043_n33.txt,33,246,5
graph_0044_n33.txt,33,162,2
graph_0045_n83.txt,83,245,3
graph_0046_n62.txt,62,91,1
graph_0047_n9.txt,9,49,1
graph_0048_n49.txt,49,169,3
graph_0049_n78.txt,78,307,5
graph_0050_n93.txt,93,281,4
graph_0051_n44.txt,44,150,2
graph_0052_n48.txt,48,71,1
graph_0053_n44.txt,44,147,3
graph_0054_n81.txt,81,222,5
graph_0055_n7.txt,7,115,2
graph_0056_n25.txt,25,109,2
graph_0057_n78.txt,78,126,2
graph_0058_n13.txt,13,33,2
graph_0059_n62.txt,62,69,1
graph_0060_n80.txt,80,465,8
graph_0061_n64.txt,64,176,2
graph_0062_n96.txt,96,166,3
graph_0063_n30.txt,30,129,2
graph_0064_n39.txt,39,175,4
graph_0065_n67.txt,67,136,2
graph_0066_n40.txt,40,121,3
graph_0067_n73.txt,73,143,2
graph_0068_n45.txt,45,172,3
graph_0069_n21.txt,21,183,2
graph_0070_n85.txt,85,187,3
graph_0071_n36.txt,36,75,1
graph_0072_n44.txt,44,191,3
graph_0073_n94.txt,94,25,1
graph_0074_n29.txt,29,184,3
graph_0075_n27.txt,27,123,3
graph_0076_n52.txt,52,380,6
graph_0077_n88.txt,88,60,1
graph_0078_n21.txt,21,125,2
graph_0079_n75.txt,75,21,1
graph_0080_n86.txt,86,73,1
graph_0081_n19.txt,19,98,2
graph_0082_n32.txt,32,260,3
graph_0083_n76.txt,76,201,4
graph_0084_n33.txt,33,201,4
graph_0085_n52.txt,52,74,1
graph_0086_n10.txt,10,30,1
graph_0087_n89.txt,89,255,4
graph_0088_n43.txt,43,85,1
graph_0089_n72.txt,72,124,2
graph_0090_n43.txt,43,109,2
graph_0091_n38.txt,38,92,2
graph_0092_n49.txt,49,103,2
graph_0093_n34.txt,34,102,2
graph_0094_n86.txt,86,61,1
graph_0095_n36.txt,36,175,2
graph_0096_n6.txt,6,88,1
graph_0097_n43.txt,43,80,1
graph_0098_n33.txt,33,120,2
graph_0099_n72.txt,72,82,3
graph_0100_n37.txt,37,128,3
graph_0101_n5.txt,5,70,2
graph_0102_n57.txt,57,172,2
graph_0103_n57.txt,57,229,4
graph_0104_n48.txt,48,199,3
graph_0105_n15.txt,15,83,1
graph_0106_n19.txt,19,78,1
graph_0107_n35.txt,35,29,1
graph_0108_n92.txt,92,267,5
graph_0109_n79.txt,79,321,5
graph_0110_n99.txt,99,340,6
graph_0111_n31.txt,31,65,1
graph_0112_n39.txt,39,290,4
graph_0113_n28.txt,28,96,1
graph_0114_n47.txt,47,226,3
graph_0115_n37.txt,37,113,3
graph_0116_n90.txt,90,167,2
graph_0117_n76.txt,76,226,5
graph_0118_n93.txt,93,599,8
graph_0119_n46.txt,46,96,2
graph_0120_n88.txt,88,298,6
graph_0121_n84.txt,84,65,2
graph_0122_n64.txt,64,105,2
graph_0123_n51.txt,51,105,2
graph_0124_n89.txt,89,134,2
graph_0125_n89.txt,89,172,4
graph_0126_n77.txt,77,40,1
graph_0127_n70.txt,70,171,4
graph_0128_n97.txt,97,266,4
graph_0129_n92.txt,92,85,2
graph_0130_n56.txt,56,157,3
graph_0131_n21.txt,21,211,3
graph_0132_n28.txt,28,88,1
graph_0133_n88.txt,88,164,4
graph_0134_n49.txt,49,66,1
graph_0135_n48.txt,48,250,4
graph_0136_n10.txt,10,134,2
graph_0137_n49.txt,49,111,3
graph_0138_n13.txt,13,41,1
graph_0139_n80.txt,80,249,4
graph_0140_n13.txt,13,95,1
graph_0141_n17.txt,17,70,1
graph_0142_n62.txt,62,274,5
graph_0143_n82.txt,82,72,1
graph_0144_n40.txt,40,203,3
graph_0145_n79.txt,79,131,3
graph_0146_n48.txt,48,105,2
graph_0147_n19.txt,19,122,2
graph_0148_n45.txt,45,101,3
graph_0149_n51.txt,51,171,3
graph_0150_n68.txt,68,215,5
graph_0151_n13.txt,13,182,2
graph_0152_n32.txt,32,278,5
graph_0153_n53.txt,53,223,3
graph_0154_n35.txt,35,165,2
graph_0155_n72.txt,72,378,7
graph_0156_n100.txt,100,247,6
graph_0157_n56.txt,56,86,1
graph_0158_n54.txt,54,242,4
graph_0159_n99.txt,99,310,4
graph_0160_n28.txt,28,124,2
graph_0161_n10.txt,10,21,1
graph_0162_n36.txt,36,124,2
graph_0163_n43.txt,43,289,5
graph_0164_n32.txt,32,243,4
graph_0165_n60.txt,60,88,3
graph_0166_n8.txt,8,25,1
graph_0167_n72.txt,72,41,1
graph_0168_n13.txt,13,45,1
graph_0169_n9.txt,9,97,1
graph_0170_n56.txt,56,174,3
graph_0171_n80.txt,80,218,3
graph_0172_n12.txt,12,104,2
graph_0173_n5.txt,5,94,1
graph_0174_n23.txt,23,169,3
graph_0175_n87.txt,87,386,7
graph_0176_n55.txt,55,164,2
graph_0177_n31.txt,31,98,1
graph_0178_n77.txt,77,247,4
graph_0179_n8.txt,8,181,2
graph_0180_n46.txt,46,323,5
graph_0181_n4.txt,4,51,1
graph_0182_n91.txt,91,40,1
graph_0183_n86.txt,86,253,3
graph_0184_n100.txt,100,381,7
graph_0185_n48.txt,48,22,1
graph_0186_n78.txt,78,192,4
graph_0187_n31.txt,31,105,3
graph_0188_n45.txt,45,70,2
graph_0189_n39.txt,39,180,3
graph_0190_n27.txt,27,109,2
graph_0191_n22.txt,22,71,2
graph_0192_n85.txt,85,308,5
graph_0193_n89.txt,89,218,3
graph_0194_n60.txt,60,255,4
graph_0195_n42.txt,42,206,4
graph_0196_n75.txt,75,140,3
graph_0197_n82.txt,82,239,5
graph_0198_n18.txt,18,91,2
graph_0199_n70.txt,70,239,4
graph_0200_n61.txt,61,404,6
graph_0201_n40.txt,40,268,5
graph_0202_n29.txt,29,66,1
graph_0203_n86.txt,86,265,4
graph_0204_n56.txt,56,172,5
graph_0205_n6.txt,6,52,1
graph_0206_n81.txt,81,197,3
graph_0207_n76.txt,76,119,2
graph_0208_n97.txt,97,113,2
graph_0209_n26.txt,26,84,2
graph_0210_n31.txt,31,72,1
graph_0211_n72.txt,72,345,6
graph_0212_n30.txt,30,23,1
graph_0213_n66.txt,66,129,2
graph_0214_n86.txt,86,273,4
graph_0215_n8.txt,8,64,2
graph_0216_n91.txt,91,264,4
graph_0217_n26.txt,26,194,3
graph_0218_n26.txt,26,94,1
graph_0219_n72.txt,72,201,3
graph_0220_n61.txt,61,206,3
graph_0221_n60.txt,60,269,5
graph_0222_n68.txt,68,170,3
graph_0223_n28.txt,28,75,1
graph_0224_n82.txt,82,206,4
graph_0225_n91.txt,91,125,3
graph_0226_n7.txt,7,95,1
graph_0227_n52.txt,52,249,5
graph_0228_n79.txt,79,326,6
graph_0229_n5.txt,5,46,2
graph_0230_n39.txt,39,188,3
graph_0231_n48.txt,48,70,2
graph_0232_n96.txt,96,86,3
graph_0233_n59.txt,59,156,2
graph_0234_n65.txt,65,32,1
graph_0235_n96.txt,96,148,2
graph_0236_n84.txt,84,419,7
graph_0237_n94.txt,94,237,3
graph_0238_n57.txt,57,195,3
graph_0239_n4.txt,4,60,1
graph_0240_n73.txt,73,206,3
graph_0241_n94.txt,94,299,5
graph_0242_n44.txt,44,189,2
graph_0243_n3.txt,3,88,1
graph_0244_n10.txt,10,19,1
graph_0245_n45.txt,45,147,2
graph_0246_n65.txt,65,122,2
graph_0247_n47.txt,47,311,5
graph_0248_n77.txt,77,373,6
graph_0249_n23.txt,23,171,3
graph_0250_n19.txt,19,125,2
graph_0251_n76.txt,76,197,3
graph_0252_n69.txt,69,91,1
graph_0253_n40.txt,40,282,4
graph_0254_n92.txt,92,149,2
graph_0255_n21.txt,21,128,3
graph_0256_n84.txt,84,218,3
graph_0257_n79.txt,79,52,2
graph_0258_n11.txt,11,154,2
graph_0259_n52.txt,52,293,6
graph_0260_n83.txt,83,145,3
graph_0261_n52.txt,52,255,4
graph_0262_n27.txt,27,48,1
graph_0263_n52.txt,52,87,2
graph_0264_n60.txt,60,80,2
graph_0265_n13.txt,13,84,1
graph_0266_n51.txt,51,277,4
graph_0267_n87.txt,87,85,1
graph_0268_n15.txt,15,116,2
graph_0269_n84.txt,84,236,3
graph_0270_n73.txt,73,233,3
graph_0271_n4.txt,4,89,1
graph_0272_n49.txt,49,63,1
graph_0273_n94.txt,94,171,3
graph_0274_n58.txt,58,149,3
graph_0275_n76.txt,76,251,3
graph_0276_n45.txt,45,95,1
graph_0277_n7.txt,7,82,1
graph_0278_n91.txt,91,59,1
graph_0279_n91.txt,91,318,5
graph_0280_n32.txt,32,170,3
graph_0281_n81.txt,81,90,1
graph_0282_n71.txt,71,76,1
graph_0283_n7.txt,7,150,2
graph_0284_n30.txt,30,54,1
graph_0285_n68.txt,68,82,1
graph_0286_n29.txt,29,84,1
graph_0287_n19.txt,19,87,1
graph_0288_n55.txt,55,149,3
graph_0289_n47.txt,47,83,1
graph_0290_n33.txt,33,135,2
graph_0291_n58.txt,58,72,1
graph_0292_n66.txt,66,375,5
graph_0293_n65.txt,65,81,1
graph_0294_n100.txt,100,164,3
graph_0295_n17.txt,17,38,1
graph_0296_n66.txt,66,244,6
graph_0297_n5.txt,5,61,1
graph_0298_n34.txt,34,187,3
graph_0299_n43.txt,43,273,4
graph_0300_n31.txt,31,113,2
graph_0301_n491.txt,491,359,6
graph_0302_n300.txt,300,141,2
graph_0303_n219.txt,219,640,10
graph_0304_n121.txt,121,280,5
graph_0305_n289.txt,289,258,5
graph_0306_n220.txt,220,71,1
graph_0307_n231.txt,231,181,2
graph_0308_n316.txt,316,451,6
graph_0309_n269.txt,269,338,5
graph_0310_n361.txt,361,412,8
graph_0311_n490.txt,490,195,4
graph_0312_n269.txt,269,407,6
graph_0313_n475.txt,475,246,4
graph_0314_n237.txt,237,124,2
graph_0315_n434.txt,434,446,8
graph_0316_n318.txt,318,296,4
graph_0317_n351.txt,351,315,4
graph_0318_n380.txt,380,223,4
graph_0319_n172.txt,172,347,5
graph_0320_n476.txt,476,254,5
graph_0321_n203.txt,203,520,8
graph_0322_n292.txt,292,257,5
graph_0323_n381.txt,381,167,2
graph_0324_n376.txt,376,283,5
graph_0325_n182.txt,182,297,5
graph_0326_n213.txt,213,297,6
graph_0327_n116.txt,116,178,4
graph_0328_n353.txt,353,377,7
graph_0329_n407.txt,407,588,9
graph_0330_n442.txt,442,225,4
graph_0331_n146.txt,146,261,4
graph_0332_n462.txt,462,190,4
graph_0333_n276.txt,276,335,6
graph_0334_n328.txt,328,415,6
graph_0335_n184.txt,184,252,6
graph_0336_n420.txt,420,333,5
graph_0337_n204.txt,204,477,7
graph_0338_n297.txt,297,254,3
graph_0339_n428.txt,428,310,5
graph_0340_n306.txt,306,415,8
graph_0341_n259.txt,259,279,5
graph_0342_n393.txt,393,245,6
graph_0343_n347.txt,347,499,8
graph_0344_n142.txt,142,196,4
graph_0345_n233.txt,233,294,5
graph_0346_n285.txt,285,316,6
graph_0347_n326.txt,326,199,3
graph_0348_n260.txt,260,120,2
graph_0349_n472.txt,472,310,5
graph_0350_n453.txt,453,236,4
graph_0351_n240.txt,240,248,4
graph_0352_n411.txt,411,316,4
graph_0353_n311.txt,311,525,7
graph_0354_n436.txt,436,189,3
graph_0355_n248.txt,248,95,1
graph_0356_n491.txt,491,287,6
graph_0357_n308.txt,308,315,6
graph_0358_n405.txt,405,201,3
graph_0359_n423.txt,423,255,5
graph_0360_n340.txt,340,340,5
graph_0361_n492.txt,492,464,8
graph_0362_n448.txt,448,369,7
graph_0363_n362.txt,362,309,5
graph_0364_n478.txt,478,171,4
graph_0365_n112.txt,112,323,6
graph_0366_n368.txt,368,74,1
graph_0367_n395.txt,395,90,1
graph_0368_n216.txt,216,377,8
graph_0369_n339.txt,339,452,7
graph_0370_n109.txt,109,108,2
graph_0371_n299.txt,299,402,6
graph_0372_n204.txt,204,156,2
graph_0373_n352.txt,352,260,5
graph_0374_n192.txt,192,207,4
graph_0375_n466.txt,466,629,10
graph_0376_n281.txt,281,185,3
graph_0377_n216.txt,216,131,2
graph_0378_n167.txt,167,363,5
graph_0379_n188.txt,188,218,4
graph_0380_n278.txt,278,285,4
graph_0381_n159.txt,159,195,6
graph_0382_n489.txt,489,321,5
graph_0383_n455.txt,455,225,5
graph_0384_n468.txt,468,330,5
graph_0385_n113.txt,113,82,1
graph_0386_n362.txt,362,364,6
graph_0387_n229.txt,229,250,4
graph_0388_n275.txt,275,288,5
graph_0389_n111.txt,111,199,4
graph_0390_n318.txt,318,248,6
graph_0391_n123.txt,123,176,5
graph_0392_n439.txt,439,76,1
graph_0393_n415.txt,415,302,5
graph_0394_n465.txt,465,383,7
graph_0395_n339.txt,339,369,6
graph_0396_n351.txt,351,267,4
graph_0397_n472.txt,472,211,4
graph_0398_n458.txt,458,583,8
graph_0399_n462.txt,462,284,5
graph_0400_n317.txt,317,261,3
graph_0401_n444.txt,444,285,5
graph_0402_n122.txt,122,138,2
graph_0403_n402.txt,402,245,5
graph_0404_n142.txt,142,186,3
graph_0405_n352.txt,352,113,2
graph_0406_n191.txt,191,159,3
graph_0407_n483.txt,483,426,7
graph_0408_n307.txt,307,243,6
graph_0409_n448.txt,448,339,7
graph_0410_n220.txt,220,288,6
graph_0411_n286.txt,286,35,1
graph_0412_n262.txt,262,386,6
graph_0413_n371.txt,371,286,5
graph_0414_n154.txt,154,125,2
graph_0415_n204.txt,204,227,3
graph_0416_n201.txt,201,158,2
graph_0417_n195.txt,195,158,2
graph_0418_n176.txt,176,257,5
graph_0419_n104.txt,104,448,7
graph_0420_n227.txt,227,254,4
graph_0421_n143.txt,143,578,9
graph_0422_n209.txt,209,124,3
graph_0423_n447.txt,447,270,5
graph_0424_n456.txt,456,337,6
graph_0425_n316.txt,316,101,2
graph_0426_n442.txt,442,340,6
graph_0427_n106.txt,106,219,6
graph_0428_n427.txt,427,247,3
graph_0429_n315.txt,315,278,4
graph_0430_n377.txt,377,225,4
graph_0431_n404.txt,404,403,6
graph_0432_n370.txt,370,185,3
graph_0433_n316.txt,316,324,5
graph_0434_n376.txt,376,286,5
graph_0435_n341.txt,341,386,6
graph_0436_n370.txt,370,172,3
graph_0437_n152.txt,152,277,6
graph_0438_n309.txt,309,305,5
graph_0439_n128.txt,128,138,3
graph_0440_n189.txt,189,209,3
graph_0441_n221.txt,221,598,8
graph_0442_n161.txt,161,148,2
graph_0443_n335.txt,335,319,4
graph_0444_n442.txt,442,528,7
graph_0445_n355.txt,355,297,7
graph_0446_n194.txt,194,93,1
graph_0447_n397.txt,397,192,4
graph_0448_n105.txt,105,81,1
graph_0449_n130.txt,130,165,2
graph_0450_n422.txt,422,516,8
graph_0451_n223.txt,223,223,3
graph_0452_n327.txt,327,318,6
graph_0453_n352.txt,352,224,3
graph_0454_n444.txt,444,142,3
graph_0455_n113.txt,113,356,7
graph_0456_n461.txt,461,318,7
graph_0457_n196.txt,196,74,1
graph_0458_n303.txt,303,290,5
graph_0459_n318.txt,318,260,5
graph_0460_n208.txt,208,318,4
graph_0461_n102.txt,102,251,4
graph_0462_n487.txt,487,288,6
graph_0463_n350.txt,350,478,8
graph_0464_n381.txt,381,336,5
graph_0465_n397.txt,397,223,3
graph_0466_n488.txt,488,314,5
graph_0467_n107.txt,107,121,3
graph_0468_n181.txt,181,269,5
graph_0469_n195.txt,195,182,3
graph_0470_n196.txt,196,307,5
graph_0471_n371.txt,371,305,4
graph_0472_n447.txt,447,217,3
graph_0473_n287.txt,287,211,5
graph_0474_n308.txt,308,223,4
graph_0475_n482.txt,482,120,3
graph_0476_n452.txt,452,559,8
graph_0477_n307.txt,307,74,1
graph_0478_n201.txt,201,506,8
graph_0479_n397.txt,397,146,2
graph_0480_n215.txt,215,230,4
graph_0481_n287.txt,287,420,6
graph_0482_n276.txt,276,223,5
graph_0483_n359.txt,359,170,4
graph_0484_n128.txt,128,496,8
graph_0485_n365.txt,365,225,3
graph_0486_n431.txt,431,443,6
graph_0487_n115.txt,115,153,3
graph_0488_n149.txt,149,83,1
graph_0489_n379.txt,379,244,4
graph_0490_n118.txt,118,411,7
graph_0491_n336.txt,336,211,3
graph_0492_n400.txt,400,549,10
graph_0493_n421.txt,421,228,3
graph_0494_n334.txt,334,16,1
graph_0495_n357.txt,357,501,11
graph_0496_n290.txt,290,194,3
graph_0497_n368.txt,368,451,6
graph_0498_n226.txt,226,145,2
graph_0499_n121.txt,121,132,2
graph_0500_n209.txt,209,234,5
graph_0501_n1000.txt,1000,269,5
graph_0502_n836.txt,836,319,5
graph_0503_n992.txt,992,413,7
graph_0504_n864.txt,864,612,9
graph_0505_n770.txt,770,186,5
graph_0506_n979.txt,979,314,5
graph_0507_n516.txt,516,255,4
graph_0508_n635.txt,635,281,4
graph_0509_n889.txt,889,396,6
graph_0510_n821.txt,821,367,8
graph_0511_n751.txt,751,306,5
graph_0512_n516.txt,516,156,2
graph_0513_n634.txt,634,215,5
graph_0514_n959.txt,959,210,4
graph_0515_n675.txt,675,384,6
graph_0516_n909.txt,909,105,4
graph_0517_n710.txt,710,381,6
graph_0518_n869.txt,869,914,15
graph_0519_n775.txt,775,295,5
graph_0520_n859.txt,859,286,4
graph_0521_n810.txt,810,195,3
graph_0522_n528.txt,528,445,7
graph_0523_n570.txt,570,362,7
graph_0524_n693.txt,693,233,3
graph_0525_n878.txt,878,628,10
graph_0526_n939.txt,939,389,6
graph_0527_n792.txt,792,502,9
graph_0528_n545.txt,545,273,5
graph_0529_n694.txt,694,462,9
graph_0530_n606.txt,606,176,4
graph_0531_n818.txt,818,257,7
graph_0532_n609.txt,609,253,6
graph_0533_n807.txt,807,766,10
graph_0534_n854.txt,854,403,7
graph_0535_n806.txt,806,275,4
graph_0536_n814.txt,814,386,7
graph_0537_n992.txt,992,300,6
graph_0538_n880.txt,880,553,9
graph_0539_n859.txt,859,278,4
graph_0540_n835.txt,835,301,5
graph_0541_n790.txt,790,709,12
graph_0542_n750.txt,750,280,4
graph_0543_n690.txt,690,327,5
graph_0544_n677.txt,677,311,5
graph_0545_n685.txt,685,151,2
graph_0546_n887.txt,887,267,6
graph_0547_n608.txt,608,322,6
graph_0548_n840.txt,840,450,7
graph_0549_n661.txt,661,453,7
graph_0550_n995.txt,995,304,8
graph_0551_n837.txt,837,199,4
graph_0552_n948.txt,948,481,9
graph_0553_n974.txt,974,379,6
graph_0554_n933.txt,933,324,5
graph_0555_n510.txt,510,216,6
graph_0556_n726.txt,726,442,9
graph_0557_n735.txt,735,489,8
graph_0558_n829.txt,829,696,11
graph_0559_n975.txt,975,366,5
graph_0560_n944.txt,944,481,9
graph_0561_n531.txt,531,292,6
graph_0562_n885.txt,885,488,7
graph_0563_n926.txt,926,252,5
graph_0564_n762.txt,762,341,8
graph_0565_n668.txt,668,383,6
graph_0566_n553.txt,553,324,4
graph_0567_n892.txt,892,163,3
graph_0568_n755.txt,755,449,7
graph_0569_n647.txt,647,310,5
graph_0570_n621.txt,621,342,7
graph_0571_n850.txt,850,404,7
graph_0572_n529.txt,529,403,6
graph_0573_n686.txt,686,240,4
graph_0574_n523.txt,523,254,4
graph_0575_n595.txt,595,236,6
graph_0576_n566.txt,566,304,5
graph_0577_n816.txt,816,406,7
graph_0578_n939.txt,939,340,6
graph_0579_n734.txt,734,385,6
graph_0580_n587.txt,587,467,8
graph_0581_n920.txt,920,642,11
graph_0582_n684.txt,684,500,9
graph_0583_n697.txt,697,380,7
graph_0584_n612.txt,612,326,5
graph_0585_n576.txt,576,316,4
graph_0586_n714.txt,714,325,5
graph_0587_n976.txt,976,402,6
graph_0588_n910.txt,910,501,7
graph_0589_n764.txt,764,393,6
graph_0590_n705.txt,705,505,9
graph_0591_n927.txt,927,347,7
graph_0592_n555.txt,555,329,7
graph_0593_n539.txt,539,532,12
graph_0594_n504.txt,504,134,2
graph_0595_n654.txt,654,315,7
graph_0596_n502.txt,502,305,6
graph_0597_n746.txt,746,572,9
graph_0598_n883.txt,883,164,2
graph_0599_n829.txt,829,428,7
graph_0600_n855.txt,855,237,6
graph_0601_n3307.txt,3307,402,7
graph_0602_n1932.txt,1932,199,4
graph_0603_n1935.txt,1935,1078,17
graph_0604_n3550.txt,3550,438,9
graph_0605_n1583.txt,1583,547,9
graph_0606_n1656.txt,1656,798,13
graph_0607_n2818.txt,2818,350,6
graph_0608_n2994.txt,2994,395,7
graph_0609_n2608.txt,2608,252,4
graph_0610_n3248.txt,3248,496,8
graph_0611_n3342.txt,3342,663,12
graph_0612_n1020.txt,1020,351,6
graph_0613_n2152.txt,2152,306,6
graph_0614_n1485.txt,1485,619,14
graph_0615_n2810.txt,2810,425,7
graph_0616_n1475.txt,1475,271,4
graph_0617_n2820.txt,2820,718,10
graph_0618_n2007.txt,2007,387,6
graph_0619_n1267.txt,1267,315,7
graph_0620_n2948.txt,2948,366,6
graph_0621_n1940.txt,1940,143,3
graph_0622_n1138.txt,1138,218,4
graph_0623_n3144.txt,3144,261,6
graph_0624_n2282.txt,2282,818,14
graph_0625_n3792.txt,3792,405,9
graph_0626_n3447.txt,3447,254,5
graph_0627_n2347.txt,2347,253,5
graph_0628_n1502.txt,1502,693,11
graph_0629_n1690.txt,1690,348,6
graph_0630_n1493.txt,1493,219,6
graph_0631_n2214.txt,2214,310,6
graph_0632_n3357.txt,3357,476,9
graph_0633_n1762.txt,1762,252,4
graph_0634_n1843.txt,1843,350,6
graph_0635_n2121.txt,2121,709,11
graph_0636_n1109.txt,1109,170,3
graph_0637_n1946.txt,1946,229,4
graph_0638_n3326.txt,3326,736,12
graph_0639_n1693.txt,1693,379,5
graph_0640_n1902.txt,1902,376,8
graph_0641_n2014.txt,2014,79,1
graph_0642_n1500.txt,1500,392,6
graph_0643_n3217.txt,3217,790,12
graph_0644_n1748.txt,1748,565,8
graph_0645_n3457.txt,3457,821,12
graph_0646_n3170.txt,3170,546,10
graph_0647_n2396.txt,2396,306,6
graph_0648_n2664.txt,2664,291,5
graph_0649_n3662.txt,3662,953,15
graph_0650_n3906.txt,3906,268,5
graph_0651_n3014.txt,3014,861,15
graph_0652_n3387.txt,3387,377,6
graph_0653_n3451.txt,3451,409,7
graph_0654_n1409.txt,1409,356,8
graph_0655_n2744.txt,2744,450,10
graph_0656_n3202.txt,3202,565,9
graph_0657_n2438.txt,2438,325,6
graph_0658_n2279.txt,2279,375,6
graph_0659_n2588.txt,2588,333,6
graph_0660_n3678.txt,3678,514,8
graph_0661_n3170.txt,3170,370,5
graph_0662_n2689.txt,2689,296,4
graph_0663_n2000.txt,2000,380,5
graph_0664_n2643.txt,2643,581,8
graph_0665_n1367.txt,1367,267,6
graph_0666_n1765.txt,1765,177,3
graph_0667_n1490.txt,1490,294,5
graph_0668_n2863.txt,2863,705,11
graph_0669_n1741.txt,1741,696,13
graph_0670_n3665.txt,3665,389,6
graph_0671_n3298.txt,3298,473,10
graph_0672_n3836.txt,3836,427,8
graph_0673_n1976.txt,1976,367,7
graph_0674_n2494.txt,2494,306,7
graph_0675_n1699.txt,1699,196,4
graph_0676_n2257.txt,2257,471,9
graph_0677_n2327.txt,2327,332,7
graph_0678_n1111.txt,1111,415,6
graph_0679_n1706.txt,1706,401,6
graph_0680_n3610.txt,3610,494,9
graph_0681_n2358.txt,2358,307,7
graph_0682_n1788.txt,1788,739,11
graph_0683_n3251.txt,3251,304,7
graph_0684_n1461.txt,1461,260,6
graph_0685_n1415.txt,1415,432,8
graph_0686_n3686.txt,3686,480,10
graph_0687_n1001.txt,1001,598,9
graph_0688_n2522.txt,2522,362,6
graph_0689_n3476.txt,3476,523,10
graph_0690_n3148.txt,3148,592,11
graph_0691_n3976.txt,3976,501,10
graph_0692_n1881.txt,1881,754,10
graph_0693_n1150.txt,1150,722,14
graph_0694_n1868.txt,1868,177,3
graph_0695_n1191.txt,1191,549,13
graph_0696_n2726.txt,2726,341,5
graph_0697_n3858.txt,3858,513,8
graph_0698_n1269.txt,1269,398,8
graph_0699_n3013.txt,3013,534,10
graph_0700_n1380.txt,1380,485,7
graph_0701_n4087.txt,4087,325,5
graph_0702_n4305.txt,4305,644,13
graph_0703_n4215.txt,4215,728,13
graph_0704_n4611.txt,4611,598,10
graph_0705_n4787.txt,4787,1260,20
graph_0706_n4318.txt,4318,217,3
graph_0707_n4586.txt,4586,718,12
graph_0708_n4116.txt,4116,447,9
graph_0709_n4556.txt,4556,859,13
graph_0710_n4718.txt,4718,659,10
graph_0711_n4260.txt,4260,635,10
graph_0712_n4320.txt,4320,539,8
graph_0713_n4989.txt,4989,382,5
graph_0714_n4285.txt,4285,658,9
graph_0715_n4959.txt,4959,374,7
graph_0716_n4868.txt,4868,486,8
graph_0717_n4185.txt,4185,652,11
graph_0718_n4351.txt,4351,328,7
graph_0719_n4844.txt,4844,249,3
graph_0720_n4290.txt,4290,355,6
graph_0721_n4167.txt,4167,939,17
graph_0722_n4227.txt,4227,785,14
graph_0723_n4595.txt,4595,312,7
graph_0724_n4102.txt,4102,652,15
graph_0725_n4363.txt,4363,677,11
graph_0726_n4498.txt,4498,269,7
graph_0727_n4062.txt,4062,659,11
graph_0728_n4847.txt,4847,547,10
graph_0729_n4243.txt,4243,683,10
graph_0730_n4486.txt,4486,498,8
graph_0731_n4166.txt,4166,310,5
graph_0732_n4231.txt,4231,467,8
graph_0733_n4778.txt,4778,604,10
graph_0734_n4652.txt,4652,391,7
graph_0735_n4213.txt,4213,606,11
graph_0736_n4226.txt,4226,353,5
graph_0737_n4281.txt,4281,584,10
graph_0738_n4939.txt,4939,367,6
graph_0739_n4525.txt,4525,987,17
graph_0740_n4078.txt,4078,472,8
graph_0741_n4421.txt,4421,406,8
graph_0742_n4297.txt,4297,348,7
graph_0743_n4414.txt,4414,536,8
graph_0744_n4296.txt,4296,400,8
graph_0745_n4977.txt,4977,208,4
graph_0746_n4066.txt,4066,837,14
graph_0747_n4863.txt,4863,359,7
graph_0748_n4391.txt,4391,717,12
graph_0749_n4082.txt,4082,472,9
graph_0750_n4730.txt,4730,287,6
graph_0751_n5612.txt,5612,728,11
graph_0752_n5855.txt,5855,398,6
graph_0753_n5184.txt,5184,526,10
graph_0754_n5951.txt,5951,717,11
graph_0755_n5517.txt,5517,383,8
graph_0756_n5017.txt,5017,313,5
graph_0757_n5017.txt,5017,221,3
graph_0758_n5496.txt,5496,308,5
graph_0759_n5140.txt,5140,1053,17
graph_0760_n5072.txt,5072,302,6
graph_0761_n5780.txt,5780,645,9
graph_0762_n5835.txt,5835,368,7
graph_0763_n5180.txt,5180,346,6
graph_0764_n5321.txt,5321,458,8
graph_0765_n5389.txt,5389,323,6
graph_0766_n5080.txt,5080,456,8
graph_0767_n5124.txt,5124,287,5
graph_0768_n5809.txt,5809,495,8
graph_0769_n5526.txt,5526,783,12
graph_0770_n5561.txt,5561,512,9
graph_0771_n5643.txt,5643,438,8
graph_0772_n5213.txt,5213,481,8
graph_0773_n5841.txt,5841,487,9
graph_0774_n5076.txt,5076,440,9
graph_0775_n5811.txt,5811,315,6
graph_0776_n5257.txt,5257,399,7
graph_0777_n5130.txt,5130,324,5
graph_0778_n5095.txt,5095,292,4
graph_0779_n5073.txt,5073,443,10
graph_0780_n5317.txt,5317,364,8
graph_0781_n5100.txt,5100,555,8
graph_0782_n5448.txt,5448,367,6
graph_0783_n5224.txt,5224,374,8
graph_0784_n5428.txt,5428,387,7
graph_0785_n5706.txt,5706,458,8
graph_0786_n5862.txt,5862,497,10
graph_0787_n5613.txt,5613,365,6
graph_0788_n5081.txt,5081,304,5
graph_0789_n5685.txt,5685,440,8
graph_0790_n5261.txt,5261,468,8
graph_0791_n5090.txt,5090,278,5
graph_0792_n5079.txt,5079,438,8
graph_0793_n5882.txt,5882,785,13
graph_0794_n5546.txt,5546,227,4
graph_0795_n5998.txt,5998,640,11
graph_0796_n5354.txt,5354,494,9
graph_0797_n5396.txt,5396,292,6
graph_0798_n5829.txt,5829,432,8
graph_0799_n5581.txt,5581,333,7
graph_0800_n5438.txt,5438,199,4
graph_0801_n6215.txt,6215,287,6
graph_0802_n6264.txt,6264,366,6
graph_0803_n6807.txt,6807,309,6
graph_0804_n6615.txt,6615,1117,19
graph_0805_n6136.txt,6136,676,11
graph_0806_n6826.txt,6826,322,6
graph_0807_n6558.txt,6558,406,9
graph_0808_n6777.txt,6777,324,5
graph_0809_n6717.txt,6717,342,5
graph_0810_n6366.txt,6366,338,5
graph_0811_n6282.txt,6282,304,6
graph_0812_n6832.txt,6832,458,8
graph_0813_n6681.txt,6681,446,8
graph_0814_n6781.txt,6781,290,5
graph_0815_n6351.txt,6351,547,12
graph_0816_n6117.txt,6117,547,11
graph_0817_n6301.txt,6301,226,4
graph_0818_n6931.txt,6931,715,14
graph_0819_n6784.txt,6784,589,10
graph_0820_n6485.txt,6485,335,5
graph_0821_n6819.txt,6819,253,6
graph_0822_n6746.txt,6746,327,6
graph_0823_n6790.txt,6790,441,8
graph_0824_n6193.txt,6193,499,8
graph_0825_n6877.txt,6877,418,7
graph_0826_n6418.txt,6418,473,8
graph_0827_n6378.txt,6378,424,8
graph_0828_n6142.txt,6142,369,6
graph_0829_n6225.txt,6225,481,9
graph_0830_n6576.txt,6576,368,7
graph_0831_n6065.txt,6065,479,9
graph_0832_n6373.txt,6373,439,8
graph_0833_n6953.txt,6953,346,8
graph_0834_n6698.txt,6698,863,16
graph_0835_n6752.txt,6752,658,12
graph_0836_n6714.txt,6714,364,8
graph_0837_n6413.txt,6413,738,12
graph_0838_n6918.txt,6918,156,3
graph_0839_n6505.txt,6505,590,9
graph_0840_n6067.txt,6067,378,7
graph_0841_n6976.txt,6976,408,9
graph_0842_n6818.txt,6818,874,14
graph_0843_n6276.txt,6276,516,8
graph_0844_n6446.txt,6446,461,7
graph_0845_n6067.txt,6067,530,9
graph_0846_n6441.txt,6441,371,8
graph_0847_n6294.txt,6294,371,8
graph_0848_n6094.txt,6094,707,10
graph_0849_n6560.txt,6560,779,12
graph_0850_n6103.txt,6103,668,11
graph_0851_n7639.txt,7639,613,11
graph_0852_n7043.txt,7043,494,9
graph_0853_n7896.txt,7896,797,16
graph_0854_n7148.txt,7148,611,11
graph_0855_n7225.txt,7225,363,8
graph_0856_n7363.txt,7363,561,13
graph_0857_n7877.txt,7877,487,9
graph_0858_n7383.txt,7383,570,11
graph_0859_n7177.txt,7177,422,7
graph_0860_n7726.txt,7726,844,15
graph_0861_n7658.txt,7658,337,7
graph_0862_n7151.txt,7151,329,4
graph_0863_n7917.txt,7917,463,8
graph_0864_n7052.txt,7052,458,8
graph_0865_n7726.txt,7726,376,6
graph_0866_n7593.txt,7593,825,12
graph_0867_n7860.txt,7860,396,10
graph_0868_n7383.txt,7383,595,10
graph_0869_n7280.txt,7280,357,6
graph_0870_n7930.txt,7930,776,12
graph_0871_n7284.txt,7284,990,16
graph_0872_n7223.txt,7223,468,8
graph_0873_n7027.txt,7027,338,7
graph_0874_n7482.txt,7482,483,8
graph_0875_n7741.txt,7741,239,5
graph_0876_n7979.txt,7979,545,9
graph_0877_n7253.txt,7253,364,8
graph_0878_n7291.txt,7291,308,5
graph_0879_n7956.txt,7956,894,13
graph_0880_n7720.txt,7720,408,7
graph_0881_n7022.txt,7022,418,6
graph_0882_n7673.txt,7673,621,10
graph_0883_n7439.txt,7439,783,13
graph_0884_n7131.txt,7131,689,11
graph_0885_n7839.txt,7839,465,8
graph_0886_n7498.txt,7498,502,8
graph_0887_n7987.txt,7987,523,9
graph_0888_n7864.txt,7864,450,8
graph_0889_n7297.txt,7297,332,6
graph_0890_n7604.txt,7604,489,8
graph_0891_n7117.txt,7117,267,6
graph_0892_n7708.txt,7708,721,11
graph_0893_n7210.txt,7210,486,11
graph_0894_n7602.txt,7602,503,9
graph_0895_n7923.txt,7923,487,10
graph_0896_n7999.txt,7999,457,9
graph_0897_n7528.txt,7528,344,7
graph_0898_n7475.txt,7475,520,7
graph_0899_n7530.txt,7530,507,9
graph_0900_n7794.txt,7794,343,5
graph_0901_n8239.txt,8239,609,10
graph_0902_n8570.txt,8570,471,8
graph_0903_n8642.txt,8642,381,7
graph_0904_n8265.txt,8265,448,9
graph_0905_n8906.txt,8906,459,7
graph_0906_n8949.txt,8949,384,6
graph_0907_n8470.txt,8470,901,13
graph_0908_n8377.txt,8377,576,11
graph_0909_n8362.txt,8362,851,13
graph_0910_n8392.txt,8392,510,8
graph_0911_n8471.txt,8471,1203,20
graph_0912_n8305.txt,8305,609,13
graph_0913_n8573.txt,8573,534,10
graph_0914_n8109.txt,8109,645,11
graph_0915_n8958.txt,8958,505,8
graph_0916_n8146.txt,8146,455,7
graph_0917_n8125.txt,8125,644,16
graph_0918_n8841.txt,8841,546,8
graph_0919_n8489.txt,8489,944,13
graph_0920_n8369.txt,8369,412,7
graph_0921_n8940.txt,8940,624,11
graph_0922_n8821.txt,8821,637,12
graph_0923_n8536.txt,8536,490,9
graph_0924_n8217.txt,8217,442,8
graph_0925_n8593.txt,8593,451,10
graph_0926_n8975.txt,8975,942,15
graph_0927_n8688.txt,8688,575,8
graph_0928_n8044.txt,8044,604,9
graph_0929_n8448.txt,8448,612,11
graph_0930_n8408.txt,8408,723,13
graph_0931_n8673.txt,8673,354,8
graph_0932_n8631.txt,8631,611,11
graph_0933_n8613.txt,8613,362,6
graph_0934_n8595.txt,8595,965,19
graph_0935_n8921.txt,8921,593,12
graph_0936_n8572.txt,8572,507,10
graph_0937_n8932.txt,8932,590,8
graph_0938_n8189.txt,8189,504,9
graph_0939_n8447.txt,8447,499,9
graph_0940_n8519.txt,8519,515,8
graph_0941_n8939.txt,8939,532,10
graph_0942_n8158.txt,8158,746,12
graph_0943_n8512.txt,8512,609,11
graph_0944_n8083.txt,8083,432,7
graph_0945_n8417.txt,8417,406,6
graph_0946_n8128.txt,8128,577,9
graph_0947_n8394.txt,8394,369,8
graph_0948_n8494.txt,8494,329,5
graph_0949_n8946.txt,8946,399,8
graph_0950_n8945.txt,8945,493,9
graph_0951_n9286.txt,9286,739,18
graph_0952_n9880.txt,9880,477,7
graph_0953_n9616.txt,9616,484,7
graph_0954_n9767.txt,9767,833,13
graph_0955_n9889.txt,9889,343,7
graph_0956_n9344.txt,9344,552,8
graph_0957_n9565.txt,9565,479,6
graph_0958_n9122.txt,9122,454,10
graph_0959_n9161.txt,9161,824,14
graph_0960_n9494.txt,9494,924,16
graph_0961_n9838.txt,9838,433,7
graph_0962_n9508.txt,9508,487,10
graph_0963_n9366.txt,9366,403,9
graph_0964_n9737.txt,9737,782,14
graph_0965_n9885.txt,9885,500,11
graph_0966_n9377.txt,9377,542,9
graph_0967_n9682.txt,9682,791,16
graph_0968_n9720.txt,9720,347,9
graph_0969_n9180.txt,9180,206,5
graph_0970_n9696.txt,9696,530,8
graph_0971_n9346.txt,9346,672,10
graph_0972_n9275.txt,9275,480,11
graph_0973_n9853.txt,9853,572,9
graph_0974_n9482.txt,9482,405,9
graph_0975_n9364.txt,9364,452,10
graph_0976_n9266.txt,9266,507,9
graph_0977_n9987.txt,9987,436,8
graph_0978_n9006.txt,9006,320,7
graph_0979_n9989.txt,9989,727,11
graph_0980_n9914.txt,9914,510,9
graph_0981_n9822.txt,9822,729,11
graph_0982_n9705.txt,9705,341,6
graph_0983_n9026.txt,9026,455,7
graph_0984_n9835.txt,9835,506,10
graph_0985_n9888.txt,9888,418,6
graph_0986_n9662.txt,9662,452,9
graph_0987_n9166.txt,9166,556,10
graph_0988_n9686.txt,9686,586,11
graph_0989_n9619.txt,9619,455,8
graph_0990_n9760.txt,9760,299,8
graph_0991_n9008.txt,9008,927,15
graph_0992_n9539.txt,9539,377,6
graph_0993_n9178.txt,9178,437,9
graph_0994_n9051.txt,9051,409,7
graph_0995_n9819.txt,9819,551,9
graph_0996_n9870.txt,9870,715,13
graph_0997_n9498.txt,9498,624,8
graph_0998_n9538.txt,9538,493,10
graph_0999_n9158.txt,9158,619,11
graph_1000_n9759.txt,9759,432,8
