graph_file,execution_time_ms,xu_cost_real,xu_path_length
graph_0001_n43.txt,0.09750004392117262,198,3
graph_0002_n20.txt,0.013800105080008507,59,1
graph_0003_n9.txt,0.0071999384090304375,53,1
graph_0004_n74.txt,0.011999974958598614,111,2
graph_0005_n85.txt,0.004399917088449001,70,1
graph_0006_n98.txt,0.026499968953430653,165,3
graph_0007_n3.txt,0.0035999109968543053,31,1
graph_0008_n58.txt,0.017600017599761486,148,3
graph_0009_n17.txt,0.005200039595365524,80,1
graph_0010_n61.txt,0.04569999873638153,226,3
graph_0011_n80.txt,0.017000013031065464,117,2
graph_0012_n64.txt,0.032800016924738884,210,3
graph_0013_n48.txt,0.027499976567924023,139,2
graph_0014_n39.txt,0.019700033590197563,139,2
graph_0015_n91.txt,0.030700000934302807,272,6
graph_0016_n65.txt,0.034800032153725624,238,4
graph_0017_n44.txt,0.03350002225488424,259,4
graph_0018_n51.txt,0.03869994543492794,202,3
graph_0019_n24.txt,0.00909995287656784,92,1
graph_0020_n19.txt,0.00200001522898674,56,1
graph_0021_n9.txt,0.005400041118264198,96,2
graph_0022_n6.txt,0.004400033503770828,40,1
graph_0023_n84.txt,0.036400044336915016,353,6
graph_0024_n45.txt,0.005800044164061546,138,2
graph_0025_n39.txt,0.003999914042651653,72,1
graph_0026_n69.txt,0.010100076906383038,190,3
graph_0027_n49.txt,0.02789997961372137,248,4
graph_0028_n66.txt,0.020900042727589607,175,3
graph_0029_n25.txt,0.018600025214254856,125,2
graph_0030_n98.txt,0.07940002251416445,233,3
graph_0031_n56.txt,0.016700010746717453,304,5
graph_0032_n55.txt,0.01650000922381878,203,3
graph_0033_n95.txt,0.02620008308440447,177,3
graph_0034_n33.txt,0.021300045773386955,118,2
graph_0035_n94.txt,0.13589998707175255,241,4
graph_0036_n86.txt,0.0076999422162771225,95,1
graph_0037_n94.txt,0.010599964298307896,112,2
graph_0038_n46.txt,0.029999995604157448,117,2
graph_0039_n4.txt,0.013899989426136017,73,1
graph_0040_n66.txt,0.02850010059773922,268,5
graph_0041_n33.txt,0.02280005719512701,48,1
graph_0042_n87.txt,0.12670003343373537,308,5
graph_0043_n33.txt,0.10339997243136168,264,4
graph_0044_n33.txt,0.0841999426484108,162,2
graph_0045_n83.txt,0.10069995187222958,245,3
graph_0046_n62.txt,0.015700003132224083,91,1
graph_0047_n9.txt,0.004800036549568176,49,1
graph_0048_n49.txt,0.021900050342082977,169,3
graph_0049_n78.txt,0.057999975979328156,309,5
graph_0050_n93.txt,0.04030007403343916,281,4
graph_0051_n44.txt,0.011999974958598614,150,2
graph_0052_n48.txt,0.005599926225841045,71,1
graph_0053_n44.txt,0.0295999925583601,147,3
graph_0054_n81.txt,0.031199888326227665,222,5
graph_0055_n7.txt,0.02610008232295513,115,2
graph_0056_n25.txt,0.016999896615743637,109,2
graph_0057_n78.txt,0.03830005880445242,126,2
graph_0058_n13.txt,0.0076999422162771225,33,2
graph_0059_n62.txt,0.00609993003308773,69,1
graph_0060_n80.txt,0.021399930119514465,478,8
graph_0061_n64.txt,0.03660004585981369,176,2
graph_0062_n96.txt,0.07370009552687407,166,3
graph_0063_n30.txt,0.03970006946474314,129,2
graph_0064_n39.txt,0.048900023102760315,175,4
graph_0065_n67.txt,0.09760004468262196,136,2
graph_0066_n40.txt,0.01680001150816679,136,2
graph_0067_n73.txt,0.023400061763823032,145,2
graph_0068_n45.txt,0.03569992259144783,172,3
graph_0069_n21.txt,0.016200006939470768,183,2
graph_0070_n85.txt,0.009699957445263863,187,3
graph_0071_n36.txt,0.005400041118264198,75,1
graph_0072_n44.txt,0.16300007700920105,191,3
graph_0073_n94.txt,0.004600035026669502,25,1
graph_0074_n29.txt,0.017200014553964138,184,3
graph_0075_n27.txt,0.008299946784973145,123,3
graph_0076_n52.txt,0.06450002547353506,383,6
graph_0077_n88.txt,0.003100023604929447,60,1
graph_0078_n21.txt,0.01750001683831215,125,2
graph_0079_n75.txt,0.004600035026669502,21,1
graph_0080_n86.txt,0.0034999102354049683,73,1
graph_0081_n19.txt,0.005200039595365524,98,2
graph_0082_n32.txt,0.041100080125033855,260,3
graph_0083_n76.txt,0.018200022168457508,201,4
graph_0084_n33.txt,0.011500087566673756,201,4
graph_0085_n52.txt,0.00500003807246685,74,1
graph_0086_n10.txt,0.0039000296965241432,30,1
graph_0087_n89.txt,0.02129992935806513,255,4
graph_0088_n43.txt,0.005499925464391708,85,1
graph_0089_n72.txt,0.03260001540184021,124,2
graph_0090_n43.txt,0.021499930880963802,109,2
graph_0091_n38.txt,0.009899958968162537,92,2
graph_0092_n49.txt,0.01680001150816679,103,2
graph_0093_n34.txt,0.006199930794537067,102,2
graph_0094_n86.txt,0.004400033503770828,61,1
graph_0095_n36.txt,0.009999959729611874,175,2
graph_0096_n6.txt,0.005399924702942371,88,1
graph_0097_n43.txt,0.005200039595365524,80,1
graph_0098_n33.txt,0.008599949069321156,120,2
graph_0099_n72.txt,0.02789997961372137,82,3
graph_0100_n37.txt,0.03839994315057993,128,3
graph_0101_n5.txt,0.028300099074840546,70,2
graph_0102_n57.txt,0.019400031305849552,172,2
graph_0103_n57.txt,0.03869994543492794,229,4
graph_0104_n48.txt,0.01580000389367342,199,3
graph_0105_n15.txt,0.004299916326999664,83,1
graph_0106_n19.txt,0.0030999071896076202,78,1
graph_0107_n35.txt,0.005499925464391708,29,1
graph_0108_n92.txt,0.05080003757029772,267,5
graph_0109_n79.txt,0.017200014553964138,366,6
graph_0110_n99.txt,0.03090000245720148,340,6
graph_0111_n31.txt,0.018200022168457508,65,1
graph_0112_n39.txt,0.08969998452812433,290,4
graph_0113_n28.txt,0.007600057870149612,96,1
graph_0114_n47.txt,0.10080006904900074,232,4
graph_0115_n37.txt,0.0074999406933784485,113,3
graph_0116_n90.txt,0.03900006413459778,167,2
graph_0117_n76.txt,0.09390001650899649,256,5
graph_0118_n93.txt,0.06620003841817379,620,8
graph_0119_n46.txt,0.009699957445263863,96,2
graph_0120_n88.txt,0.038800062611699104,298,6
graph_0121_n84.txt,0.005500041879713535,65,2
graph_0122_n64.txt,0.015099998563528061,105,2
graph_0123_n51.txt,0.0347999157384038,105,2
graph_0124_n89.txt,0.043899985030293465,134,2
graph_0125_n89.txt,0.022799940779805183,172,4
graph_0126_n77.txt,0.010499963536858559,40,1
graph_0127_n70.txt,0.11140003334730864,215,4
graph_0128_n97.txt,0.19559997599571943,278,5
graph_0129_n92.txt,0.041899969801306725,85,2
graph_0130_n56.txt,0.027399975806474686,157,3
graph_0131_n21.txt,0.01610000617802143,211,3
graph_0132_n28.txt,0.01680001150816679,88,1
graph_0133_n88.txt,0.053299940191209316,164,4
graph_0134_n49.txt,0.004100031219422817,66,1
graph_0135_n48.txt,0.04039995837956667,250,4
graph_0136_n10.txt,0.034100026823580265,134,2
graph_0137_n49.txt,0.011899974197149277,111,3
graph_0138_n13.txt,0.005300040356814861,41,1
graph_0139_n80.txt,0.14759995974600315,249,4
graph_0140_n13.txt,0.009100069291889668,95,1
graph_0141_n17.txt,0.00700005330145359,70,1
graph_0142_n62.txt,0.040400074794888496,274,5
graph_0143_n82.txt,0.0070999376475811005,72,1
graph_0144_n40.txt,0.04029995761811733,203,3
graph_0145_n79.txt,0.08110003545880318,131,3
graph_0146_n48.txt,0.008599949069321156,105,2
graph_0147_n19.txt,0.02310005947947502,122,2
graph_0148_n45.txt,0.023399945348501205,101,3
graph_0149_n51.txt,0.04640000406652689,171,3
graph_0150_n68.txt,0.05740008782595396,215,5
graph_0151_n13.txt,0.005400041118264198,182,2
graph_0152_n32.txt,0.020400038920342922,278,5
graph_0153_n53.txt,0.06410002242773771,223,3
graph_0154_n35.txt,0.011599971912801266,165,2
graph_0155_n72.txt,0.030399998649954796,378,7
graph_0156_n100.txt,0.08649996016174555,247,6
graph_0157_n56.txt,0.009699957445263863,86,1
graph_0158_n54.txt,0.021699932403862476,242,4
graph_0159_n99.txt,0.034800032153725624,310,4
graph_0160_n28.txt,0.027399975806474686,124,2
graph_0161_n10.txt,0.009200070053339005,21,1
graph_0162_n36.txt,0.030399998649954796,124,2
graph_0163_n43.txt,0.06320001557469368,289,5
graph_0164_n32.txt,0.02050003968179226,243,4
graph_0165_n60.txt,0.013299984857439995,88,3
graph_0166_n8.txt,0.00600004568696022,25,1
graph_0167_n72.txt,0.004100031219422817,41,1
graph_0168_n13.txt,0.008300063200294971,45,1
graph_0169_n9.txt,0.014300108887255192,97,1
graph_0170_n56.txt,0.026799971237778664,174,3
graph_0171_n80.txt,0.015300000086426735,218,3
graph_0172_n12.txt,0.012399978004395962,104,2
graph_0173_n5.txt,0.010499963536858559,94,1
graph_0174_n23.txt,0.012999982573091984,169,3
graph_0175_n87.txt,0.0377000542357564,418,9
graph_0176_n55.txt,0.014199991710484028,164,2
graph_0177_n31.txt,0.00909995287656784,98,1
graph_0178_n77.txt,0.05570007488131523,251,4
graph_0179_n8.txt,0.013399985618889332,181,2
graph_0180_n46.txt,0.02350006252527237,323,5
graph_0181_n4.txt,0.0078000593930482864,51,1
graph_0182_n91.txt,0.006199930794537067,40,1
graph_0183_n86.txt,0.06610003765672445,253,3
graph_0184_n100.txt,0.06900005973875523,381,7
graph_0185_n48.txt,0.009999959729611874,22,1
graph_0186_n78.txt,0.04700000863522291,192,4
graph_0187_n31.txt,0.027700094506144524,105,3
graph_0188_n45.txt,0.011200085282325745,70,2
graph_0189_n39.txt,0.016000005416572094,183,3
graph_0190_n27.txt,0.010600080713629723,109,2
graph_0191_n22.txt,0.02019992098212242,71,2
graph_0192_n85.txt,0.48990000505000353,308,5
graph_0193_n89.txt,0.1382000045850873,218,3
graph_0194_n60.txt,0.09710004087537527,263,4
graph_0195_n42.txt,0.0271000899374485,206,4
graph_0196_n75.txt,0.028799986466765404,140,3
graph_0197_n82.txt,0.10359997395426035,239,5
graph_0198_n18.txt,0.023999949917197227,91,2
graph_0199_n70.txt,0.06370001938194036,239,4
graph_0200_n61.txt,0.10229996405541897,404,6
graph_0201_n40.txt,0.10179996024817228,268,5
graph_0202_n29.txt,0.02359994687139988,66,1
graph_0203_n86.txt,0.16249995678663254,265,4
graph_0204_n56.txt,0.040599959902465343,201,3
graph_0205_n6.txt,0.006500049494206905,52,1
graph_0206_n81.txt,0.051699928008019924,197,3
graph_0207_n76.txt,0.021600048057734966,119,2
graph_0208_n97.txt,0.13609998859465122,113,2
graph_0209_n26.txt,0.02180004958063364,84,2
graph_0210_n31.txt,0.0039000296965241432,72,1
graph_0211_n72.txt,0.024400069378316402,345,6
graph_0212_n30.txt,0.002900022082030773,23,1
graph_0213_n66.txt,0.005699926987290382,129,2
graph_0214_n86.txt,0.15079998411238194,273,4
graph_0215_n8.txt,0.008900067768990993,64,2
graph_0216_n91.txt,0.018400023691356182,264,4
graph_0217_n26.txt,0.010200077667832375,194,3
graph_0218_n26.txt,0.002500019036233425,94,1
graph_0219_n72.txt,0.046900007873773575,201,3
graph_0220_n61.txt,0.05889998283237219,206,3
graph_0221_n60.txt,0.04139996599406004,269,5
graph_0222_n68.txt,0.03329990431666374,170,3
graph_0223_n28.txt,0.013299984857439995,75,1
graph_0224_n82.txt,0.08699996396899223,220,3
graph_0225_n91.txt,0.013699987903237343,125,3
graph_0226_n7.txt,0.00900006853044033,95,1
graph_0227_n52.txt,0.045900000259280205,290,4
graph_0228_n79.txt,0.08349993731826544,326,6
graph_0229_n5.txt,0.0075999414548277855,47,2
graph_0230_n39.txt,0.04529999569058418,193,3
graph_0231_n48.txt,0.011800089851021767,70,2
graph_0232_n96.txt,0.04600000102072954,86,3
graph_0233_n59.txt,0.03920006565749645,156,2
graph_0234_n65.txt,0.005899928510189056,32,1
graph_0235_n96.txt,0.03090000245720148,148,2
graph_0236_n84.txt,0.0969000393524766,419,7
graph_0237_n94.txt,0.05539995618164539,237,3
graph_0238_n57.txt,0.04260009154677391,211,3
graph_0239_n4.txt,0.0097999582067132,60,1
graph_0240_n73.txt,0.043899985030293465,206,3
graph_0241_n94.txt,0.06230000872164965,299,5
graph_0242_n44.txt,0.022999942302703857,189,2
graph_0243_n3.txt,0.005899928510189056,88,1
graph_0244_n10.txt,0.004800036549568176,19,1
graph_0245_n45.txt,0.04050007555633783,147,2
graph_0246_n65.txt,0.014299992471933365,122,2
graph_0247_n47.txt,0.022300053387880325,311,5
graph_0248_n77.txt,0.0271000899374485,373,6
graph_0249_n23.txt,0.005799927748739719,171,3
graph_0250_n19.txt,0.004300032742321491,125,2
graph_0251_n76.txt,0.042199972085654736,197,3
graph_0252_n69.txt,0.004700035788118839,91,1
graph_0253_n40.txt,0.05140004213899374,285,4
graph_0254_n92.txt,0.01309998333454132,149,2
graph_0255_n21.txt,0.02110004425048828,128,3
graph_0256_n84.txt,0.026000081561505795,218,3
graph_0257_n79.txt,0.028099981136620045,52,2
graph_0258_n11.txt,0.009800074622035027,154,2
graph_0259_n52.txt,0.09780004620552063,293,6
graph_0260_n83.txt,0.016200006939470768,145,3
graph_0261_n52.txt,0.019700033590197563,255,4
graph_0262_n27.txt,0.007999944500625134,48,1
graph_0263_n52.txt,0.009199953638017178,87,2
graph_0264_n60.txt,0.01279998105019331,80,2
graph_0265_n13.txt,0.014999997802078724,84,1
graph_0266_n51.txt,0.022699940018355846,277,4
graph_0267_n87.txt,0.014499993994832039,85,1
graph_0268_n15.txt,0.029199989512562752,116,2
graph_0269_n84.txt,0.043599982745945454,236,3
graph_0270_n73.txt,0.06230000872164965,233,3
graph_0271_n4.txt,0.015500001609325409,89,1
graph_0272_n49.txt,0.0073999399319291115,63,1
graph_0273_n94.txt,0.034400029107928276,171,3
graph_0274_n58.txt,0.04549999721348286,149,3
graph_0275_n76.txt,0.03620004281401634,251,3
graph_0276_n45.txt,0.012299977242946625,95,1
graph_0277_n7.txt,0.053200055845081806,82,1
graph_0278_n91.txt,0.010299962013959885,59,1
graph_0279_n91.txt,0.048200017772614956,318,5
graph_0280_n32.txt,0.031200004741549492,170,3
graph_0281_n81.txt,0.005799927748739719,90,1
graph_0282_n71.txt,0.011699972674250603,76,1
graph_0283_n7.txt,0.006399932317435741,153,2
graph_0284_n30.txt,0.014999997802078724,54,1
graph_0285_n68.txt,0.010400079190731049,82,1
graph_0286_n29.txt,0.00409991480410099,84,1
graph_0287_n19.txt,0.004299916326999664,87,1
graph_0288_n55.txt,0.09360001422464848,149,3
graph_0289_n47.txt,0.027499976567924023,83,1
graph_0290_n33.txt,0.04069996066391468,135,2
graph_0291_n58.txt,0.008399947546422482,72,1
graph_0292_n66.txt,0.07639999967068434,375,5
graph_0293_n65.txt,0.005900044925510883,81,1
graph_0294_n100.txt,0.02089992631226778,164,3
graph_0295_n17.txt,0.005900044925510883,38,1
graph_0296_n66.txt,0.04499999340623617,244,6
graph_0297_n5.txt,0.005500041879713535,61,1
graph_0298_n34.txt,0.014299992471933365,187,3
graph_0299_n43.txt,0.02050003968179226,273,4
graph_0300_n31.txt,0.004800036549568176,113,2
graph_0301_n491.txt,0.43049990199506283,359,6
graph_0302_n300.txt,0.02729997504502535,141,2
graph_0303_n219.txt,0.07639999967068434,640,10
graph_0304_n121.txt,0.11570006608963013,280,5
graph_0305_n289.txt,0.255199964158237,258,5
graph_0306_n220.txt,0.006600050255656242,71,1
graph_0307_n231.txt,0.011300086043775082,181,2
graph_0308_n316.txt,0.19689998589456081,451,6
graph_0309_n269.txt,0.04989991430193186,338,5
graph_0310_n361.txt,0.24309998843818903,412,8
graph_0311_n490.txt,0.028799986466765404,195,4
graph_0312_n269.txt,0.16639998648315668,407,6
graph_0313_n475.txt,0.24449999909847975,246,4
graph_0314_n237.txt,0.011100084520876408,124,2
graph_0315_n434.txt,0.14410004951059818,446,8
graph_0316_n318.txt,0.34639996010810137,305,4
graph_0317_n351.txt,0.0475000124424696,315,4
graph_0318_n380.txt,0.3266999265179038,223,4
graph_0319_n172.txt,0.04269997589290142,347,5
graph_0320_n476.txt,0.14800007920712233,254,5
graph_0321_n203.txt,0.08500006515532732,520,8
graph_0322_n292.txt,0.16850000247359276,257,5
graph_0323_n381.txt,0.020200037397444248,167,2
graph_0324_n376.txt,0.13360008597373962,283,5
graph_0325_n182.txt,0.08120003622025251,297,5
graph_0326_n213.txt,0.09940005838871002,297,6
graph_0327_n116.txt,0.28909998945891857,178,4
graph_0328_n353.txt,0.07559999357908964,377,7
graph_0329_n407.txt,0.11239992454648018,620,10
graph_0330_n442.txt,0.0127000967040658,225,4
graph_0331_n146.txt,0.12340000830590725,261,4
graph_0332_n462.txt,0.0961000332608819,190,4
graph_0333_n276.txt,0.0616998877376318,335,6
graph_0334_n328.txt,0.12199999764561653,415,6
graph_0335_n184.txt,0.17849996220320463,252,6
graph_0336_n420.txt,0.12750003952533007,333,5
graph_0337_n204.txt,0.11380005162209272,477,7
graph_0338_n297.txt,0.12949993833899498,254,3
graph_0339_n428.txt,0.05740008782595396,310,5
graph_0340_n306.txt,0.19320007413625717,415,8
graph_0341_n259.txt,0.0377000542357564,279,5
graph_0342_n393.txt,0.2077000681310892,245,6
graph_0343_n347.txt,0.10579999070614576,499,8
graph_0344_n142.txt,0.01400010660290718,196,4
graph_0345_n233.txt,0.03920006565749645,294,5
graph_0346_n285.txt,0.12420001439750195,333,4
graph_0347_n326.txt,0.08679996244609356,199,3
graph_0348_n260.txt,0.06590003613382578,120,2
graph_0349_n472.txt,0.4208000609651208,310,5
graph_0350_n453.txt,0.029499991796910763,236,4
graph_0351_n240.txt,0.13010005932301283,248,4
graph_0352_n411.txt,0.2554000820964575,316,4
graph_0353_n311.txt,0.11720007751137018,525,7
graph_0354_n436.txt,0.029199989512562752,189,3
graph_0355_n248.txt,0.015400000847876072,95,1
graph_0356_n491.txt,0.2664000494405627,287,6
graph_0357_n308.txt,0.13990001752972603,315,6
graph_0358_n405.txt,0.025399960577487946,201,3
graph_0359_n423.txt,0.3852000227198005,255,5
graph_0360_n340.txt,0.12440001592040062,340,5
graph_0361_n492.txt,0.2976000541821122,464,8
graph_0362_n448.txt,0.17899996601045132,369,7
graph_0363_n362.txt,0.1895000459626317,357,5
graph_0364_n478.txt,0.01070008147507906,171,4
graph_0365_n112.txt,0.053799943998456,323,6
graph_0366_n368.txt,0.006499933078885078,74,1
graph_0367_n395.txt,0.013599987141788006,90,1
graph_0368_n216.txt,0.1425000373274088,424,7
graph_0369_n339.txt,0.27359998784959316,452,7
graph_0370_n109.txt,0.017399899661540985,108,2
graph_0371_n299.txt,0.076299998909235,402,6
graph_0372_n204.txt,0.010899966582655907,156,2
graph_0373_n352.txt,0.14819996431469917,264,5
graph_0374_n192.txt,0.07239996921271086,259,3
graph_0375_n466.txt,0.14650006778538227,629,10
graph_0376_n281.txt,0.043899985030293465,185,3
graph_0377_n216.txt,0.06669992581009865,131,2
graph_0378_n167.txt,0.09150011464953423,363,5
graph_0379_n188.txt,0.11140003334730864,218,4
graph_0380_n278.txt,0.05689996760338545,285,4
graph_0381_n159.txt,0.054200063459575176,220,5
graph_0382_n489.txt,0.7954000029712915,321,5
graph_0383_n455.txt,0.2128999913111329,265,5
graph_0384_n468.txt,0.41290000081062317,330,5
graph_0385_n113.txt,0.007600057870149612,82,1
graph_0386_n362.txt,0.09250000584870577,364,6
graph_0387_n229.txt,0.028099981136620045,250,4
graph_0388_n275.txt,0.16309996135532856,288,5
graph_0389_n111.txt,0.06620003841817379,199,4
graph_0390_n318.txt,0.05679996684193611,248,6
graph_0391_n123.txt,0.1892999280244112,215,4
graph_0392_n439.txt,0.01750001683831215,76,1
graph_0393_n415.txt,0.34819997381418943,302,5
graph_0394_n465.txt,0.16769999638199806,383,7
graph_0395_n339.txt,0.11020002420991659,369,6
graph_0396_n351.txt,0.12510002125054598,267,4
graph_0397_n472.txt,0.056600081734359264,211,4
graph_0398_n458.txt,0.28629996813833714,583,8
graph_0399_n462.txt,0.4062000662088394,284,5
graph_0400_n317.txt,0.1642999704927206,261,3
graph_0401_n444.txt,0.4428999964147806,285,5
graph_0402_n122.txt,0.03900006413459778,138,2
graph_0403_n402.txt,0.2041999250650406,245,5
graph_0404_n142.txt,0.05010003224015236,186,3
graph_0405_n352.txt,0.031000003218650818,113,2
graph_0406_n191.txt,0.11140003334730864,159,3
graph_0407_n483.txt,0.46040001325309277,435,8
graph_0408_n307.txt,0.35119999665766954,243,6
graph_0409_n448.txt,0.4042999353259802,339,7
graph_0410_n220.txt,0.10030006524175406,301,5
graph_0411_n286.txt,0.017499900422990322,35,1
graph_0412_n262.txt,0.5947999889031053,386,6
graph_0413_n371.txt,0.06290001329034567,286,5
graph_0414_n154.txt,0.035100034438073635,125,2
graph_0415_n204.txt,0.023699947632849216,227,3
graph_0416_n201.txt,0.009499955922365189,158,2
graph_0417_n195.txt,0.02519995905458927,158,2
graph_0418_n176.txt,0.17359992489218712,257,5
graph_0419_n104.txt,0.032100011594593525,448,7
graph_0420_n227.txt,0.26000000070780516,278,4
graph_0421_n143.txt,0.07030006963759661,578,9
graph_0422_n209.txt,0.010500079952180386,124,3
graph_0423_n447.txt,0.4094999749213457,285,5
graph_0424_n456.txt,0.5452999612316489,337,6
graph_0425_n316.txt,0.03829994238913059,101,2
graph_0426_n442.txt,0.6682000821456313,340,6
graph_0427_n106.txt,0.043199979700148106,219,6
graph_0428_n427.txt,0.16489997506141663,247,3
graph_0429_n315.txt,0.4992999602109194,278,4
graph_0430_n377.txt,0.26709993835538626,225,4
graph_0431_n404.txt,0.534399994648993,403,6
graph_0432_n370.txt,0.13189995661377907,185,3
graph_0433_n316.txt,0.34010002855211496,324,5
graph_0434_n376.txt,0.2215000567957759,286,5
graph_0435_n341.txt,0.2796000335365534,386,6
graph_0436_n370.txt,0.14929997269064188,172,3
graph_0437_n152.txt,0.10370009113103151,277,6
graph_0438_n309.txt,0.5547000328078866,305,5
graph_0439_n128.txt,0.0564999645575881,138,3
graph_0440_n189.txt,0.049200025387108326,209,3
graph_0441_n221.txt,0.10299996938556433,598,8
graph_0442_n161.txt,0.03270001616328955,148,2
graph_0443_n335.txt,0.33459998667240143,319,4
graph_0444_n442.txt,0.13509998098015785,528,7
graph_0445_n355.txt,0.1218999968841672,297,7
graph_0446_n194.txt,0.027699978090822697,93,1
graph_0447_n397.txt,0.1319000730291009,192,4
graph_0448_n105.txt,0.027499976567924023,81,1
graph_0449_n130.txt,0.04910002462565899,165,2
graph_0450_n422.txt,0.13449997641146183,516,8
graph_0451_n223.txt,0.016000005416572094,223,3
graph_0452_n327.txt,0.15630002599209547,318,6
graph_0453_n352.txt,0.3066000062972307,224,3
graph_0454_n444.txt,0.11549994815140963,142,3
graph_0455_n113.txt,0.12240000069141388,377,8
graph_0456_n461.txt,0.3556000301614404,318,7
graph_0457_n196.txt,0.006700051017105579,74,1
graph_0458_n303.txt,0.43020001612603664,290,5
graph_0459_n318.txt,0.04780001472681761,260,5
graph_0460_n208.txt,0.009499955922365189,318,4
graph_0461_n102.txt,0.01680001150816679,251,4
graph_0462_n487.txt,0.23040000814944506,367,6
graph_0463_n350.txt,0.2858999650925398,478,8
graph_0464_n381.txt,0.36289996933192015,355,5
graph_0465_n397.txt,0.12470001820474863,223,3
graph_0466_n488.txt,0.4295000107958913,314,5
graph_0467_n107.txt,0.05859998054802418,121,3
graph_0468_n181.txt,0.12859993148595095,269,5
graph_0469_n195.txt,0.032899901270866394,182,3
graph_0470_n196.txt,0.021699932403862476,307,5
graph_0471_n371.txt,0.08949998300522566,305,4
graph_0472_n447.txt,0.019900035113096237,217,3
graph_0473_n287.txt,0.1623000716790557,211,5
graph_0474_n308.txt,0.08009991142898798,223,4
graph_0475_n482.txt,0.022000051103532314,120,3
graph_0476_n452.txt,0.1903999364003539,559,8
graph_0477_n307.txt,0.007999944500625134,74,1
graph_0478_n201.txt,0.057399971410632133,515,8
graph_0479_n397.txt,0.017000013031065464,146,2
graph_0480_n215.txt,0.1458000624552369,230,4
graph_0481_n287.txt,0.15740003436803818,420,6
graph_0482_n276.txt,0.09789993055164814,223,5
graph_0483_n359.txt,0.029999995604157448,170,4
graph_0484_n128.txt,0.045599997974932194,496,8
graph_0485_n365.txt,0.09320001117885113,225,3
graph_0486_n431.txt,0.22469996474683285,443,6
graph_0487_n115.txt,0.006900052540004253,153,3
graph_0488_n149.txt,0.004499917849898338,83,1
graph_0489_n379.txt,0.28520007617771626,244,4
graph_0490_n118.txt,0.04249997437000275,411,7
graph_0491_n336.txt,0.019200029782950878,211,3
graph_0492_n400.txt,0.16670010518282652,549,10
graph_0493_n421.txt,0.04549999721348286,228,3
graph_0494_n334.txt,0.004400033503770828,16,1
graph_0495_n357.txt,0.11779996566474438,551,11
graph_0496_n290.txt,0.030099996365606785,194,3
graph_0497_n368.txt,0.13559998478740454,451,6
graph_0498_n226.txt,0.018400023691356182,145,2
graph_0499_n121.txt,0.010899966582655907,132,2
graph_0500_n209.txt,0.12439989950507879,234,5
graph_0501_n1000.txt,0.3466999623924494,269,5
graph_0502_n836.txt,0.17740007024258375,319,5
graph_0503_n992.txt,0.8437000215053558,413,7
graph_0504_n864.txt,0.34829997457563877,612,9
graph_0505_n770.txt,0.16569998115301132,224,5
graph_0506_n979.txt,0.6435000104829669,371,6
graph_0507_n516.txt,0.10600010864436626,255,4
graph_0508_n635.txt,0.1596999354660511,281,4
graph_0509_n889.txt,1.3538000639528036,403,7
graph_0510_n821.txt,0.775099964812398,367,8
graph_0511_n751.txt,0.25079993065446615,306,5
graph_0512_n516.txt,0.031000003218650818,156,2
graph_0513_n634.txt,0.26709993835538626,231,5
graph_0514_n959.txt,0.012999982573091984,210,4
graph_0515_n675.txt,0.2405999694019556,384,6
graph_0516_n909.txt,0.0252000754699111,105,4
graph_0517_n710.txt,0.0953000271692872,381,6
graph_0518_n869.txt,0.36319997161626816,914,15
graph_0519_n775.txt,0.5859000375494361,295,5
graph_0520_n859.txt,0.23410003632307053,286,4
graph_0521_n810.txt,0.1023000804707408,195,3
graph_0522_n528.txt,0.6028000498190522,445,7
graph_0523_n570.txt,0.10689999908208847,362,7
graph_0524_n693.txt,0.010899966582655907,233,3
graph_0525_n878.txt,0.17060001846402884,628,10
graph_0526_n939.txt,0.651199952699244,389,6
graph_0527_n792.txt,0.3996000159531832,507,9
graph_0528_n545.txt,0.24679990019649267,273,5
graph_0529_n694.txt,0.32750004902482033,462,9
graph_0530_n606.txt,0.09290000889450312,176,4
graph_0531_n818.txt,0.6723999977111816,257,7
graph_0532_n609.txt,0.4903000080958009,323,5
graph_0533_n807.txt,0.04980002995580435,766,10
graph_0534_n854.txt,0.2269999822601676,403,7
graph_0535_n806.txt,0.11500006075948477,275,4
graph_0536_n814.txt,0.26110000908374786,386,7
graph_0537_n992.txt,0.20240002777427435,300,6
graph_0538_n880.txt,0.5041999975219369,553,9
graph_0539_n859.txt,0.30590000096708536,278,4
graph_0540_n835.txt,0.05589995998889208,301,5
graph_0541_n790.txt,0.3027000930160284,709,12
graph_0542_n750.txt,0.23140001576393843,280,4
graph_0543_n690.txt,0.23870007134974003,327,5
graph_0544_n677.txt,0.1404000213369727,311,5
graph_0545_n685.txt,0.00600004568696022,151,2
graph_0546_n887.txt,0.8710999973118305,267,6
graph_0547_n608.txt,0.7933999877423048,346,5
graph_0548_n840.txt,0.012299977242946625,450,7
graph_0549_n661.txt,0.5159999709576368,453,7
graph_0550_n995.txt,0.5390000296756625,338,6
graph_0551_n837.txt,0.4240000853314996,199,4
graph_0552_n948.txt,0.27810002211481333,494,8
graph_0553_n974.txt,0.028699985705316067,383,7
graph_0554_n933.txt,0.43759995605796576,324,5
graph_0555_n510.txt,0.14000001829117537,216,6
graph_0556_n726.txt,0.605400069616735,442,9
graph_0557_n735.txt,0.18949992954730988,489,8
graph_0558_n829.txt,0.1933000748977065,696,11
graph_0559_n975.txt,0.658300006762147,366,5
graph_0560_n944.txt,0.2741999924182892,481,9
graph_0561_n531.txt,0.19489997066557407,339,5
graph_0562_n885.txt,0.16250007320195436,488,7
graph_0563_n926.txt,0.11270004324615002,252,5
graph_0564_n762.txt,0.7985999109223485,341,8
graph_0565_n668.txt,0.11390005238354206,383,6
graph_0566_n553.txt,0.027499976567924023,324,4
graph_0567_n892.txt,0.21440000273287296,163,3
graph_0568_n755.txt,0.8521000854671001,471,7
graph_0569_n647.txt,0.7691000355407596,311,4
graph_0570_n621.txt,0.08779997006058693,342,7
graph_0571_n850.txt,0.1810999820008874,404,7
graph_0572_n529.txt,0.12770004104822874,403,6
graph_0573_n686.txt,0.05050003528594971,240,4
graph_0574_n523.txt,0.03390002530068159,254,4
graph_0575_n595.txt,0.32190000638365746,236,6
graph_0576_n566.txt,0.08290004916489124,304,5
graph_0577_n816.txt,0.7845000363886356,406,7
graph_0578_n939.txt,0.07369997911155224,349,7
graph_0579_n734.txt,0.2954999217763543,385,6
graph_0580_n587.txt,0.21980004385113716,467,8
graph_0581_n920.txt,0.21229998674243689,642,11
graph_0582_n684.txt,0.6530999671667814,500,9
graph_0583_n697.txt,0.2098000841215253,380,7
graph_0584_n612.txt,0.22689998149871826,326,5
graph_0585_n576.txt,0.03779993858188391,316,4
graph_0586_n714.txt,0.36589999217540026,325,5
graph_0587_n976.txt,0.4229999613016844,402,6
graph_0588_n910.txt,0.37100003100931644,501,7
graph_0589_n764.txt,0.2762000076472759,393,6
graph_0590_n705.txt,0.26270002126693726,505,9
graph_0591_n927.txt,0.894299941137433,382,5
graph_0592_n555.txt,0.42049994226545095,329,7
graph_0593_n539.txt,0.14589994680136442,532,12
graph_0594_n504.txt,0.01780001912266016,134,2
graph_0595_n654.txt,0.16589998267591,342,6
graph_0596_n502.txt,0.22759998682886362,305,6
graph_0597_n746.txt,0.31219993252307177,572,9
graph_0598_n883.txt,0.05079992115497589,164,2
graph_0599_n829.txt,0.5539000267162919,428,7
graph_0600_n855.txt,0.4833000712096691,237,6
graph_0601_n3307.txt,0.9563000639900565,402,7
graph_0602_n1932.txt,0.42369996663182974,199,4
graph_0603_n1935.txt,0.5341999931260943,1078,17
graph_0604_n3550.txt,1.6005000798031688,438,9
graph_0605_n1583.txt,0.4648000467568636,597,8
graph_0606_n1656.txt,1.1094000656157732,798,13
graph_0607_n2818.txt,1.3562999665737152,350,6
graph_0608_n2994.txt,1.6188999870792031,395,7
graph_0609_n2608.txt,1.401199959218502,252,4
graph_0610_n3248.txt,1.6777999699115753,496,8
graph_0611_n3342.txt,1.9230999751016498,663,12
graph_0612_n1020.txt,0.4059000639244914,351,6
graph_0613_n2152.txt,0.7103000534698367,306,6
graph_0614_n1485.txt,0.4248999757692218,623,9
graph_0615_n2810.txt,2.7386998990550637,425,7
graph_0616_n1475.txt,1.6135000623762608,271,4
graph_0617_n2820.txt,2.259099972434342,718,10
graph_0618_n2007.txt,1.3811999233439565,388,7
graph_0619_n1267.txt,0.9245999390259385,315,7
graph_0620_n2948.txt,1.7958000535145402,366,6
graph_0621_n1940.txt,0.032100011594593525,143,3
graph_0622_n1138.txt,0.0347999157384038,218,4
graph_0623_n3144.txt,0.7239000406116247,261,6
graph_0624_n2282.txt,0.5876000504940748,818,14
graph_0625_n3792.txt,3.0239999759942293,406,7
graph_0626_n3447.txt,0.46420004218816757,254,5
graph_0627_n2347.txt,0.20979996770620346,253,5
graph_0628_n1502.txt,0.6129000103101134,693,11
graph_0629_n1690.txt,1.7152999062091112,348,6
graph_0630_n1493.txt,0.17899996601045132,219,6
graph_0631_n2214.txt,0.8099999977275729,310,6
graph_0632_n3357.txt,2.0804000087082386,476,9
graph_0633_n1762.txt,0.13420009054243565,252,4
graph_0634_n1843.txt,2.011299948208034,358,5
graph_0635_n2121.txt,0.5833000177517533,709,11
graph_0636_n1109.txt,0.01859990879893303,170,3
graph_0637_n1946.txt,0.4018000327050686,229,4
graph_0638_n3326.txt,0.981199904344976,736,12
graph_0639_n1693.txt,0.7161999819800258,379,5
graph_0640_n1902.txt,1.0519999777898192,376,8
graph_0641_n2014.txt,0.05879998207092285,79,1
graph_0642_n1500.txt,0.3074000123888254,392,6
graph_0643_n3217.txt,2.6971999322995543,790,12
graph_0644_n1748.txt,0.8063999703153968,565,8
graph_0645_n3457.txt,1.7578999977558851,851,14
graph_0646_n3170.txt,1.2423000298440456,546,10
graph_0647_n2396.txt,1.218699966557324,306,6
graph_0648_n2664.txt,0.5645999917760491,291,5
graph_0649_n3662.txt,2.9392000287771225,953,15
graph_0650_n3906.txt,0.3301000688225031,268,5
graph_0651_n3014.txt,2.5059999898076057,861,15
graph_0652_n3387.txt,0.6300000241026282,377,6
graph_0653_n3451.txt,5.3817000007256866,409,7
graph_0654_n1409.txt,1.1807000264525414,356,8
graph_0655_n2744.txt,1.8406000453978777,450,10
graph_0656_n3202.txt,1.824100036174059,565,9
graph_0657_n2438.txt,1.8515000119805336,325,6
graph_0658_n2279.txt,0.8771000429987907,375,6
graph_0659_n2588.txt,2.62529996689409,333,6
graph_0660_n3678.txt,0.3736999351531267,514,8
graph_0661_n3170.txt,3.695199964568019,370,5
graph_0662_n2689.txt,1.95870001334697,296,4
graph_0663_n2000.txt,3.7112999707460403,380,5
graph_0664_n2643.txt,0.19719998817890882,581,8
graph_0665_n1367.txt,0.4149000160396099,267,6
graph_0666_n1765.txt,0.15929993242025375,177,3
graph_0667_n1490.txt,0.24800002574920654,294,5
graph_0668_n2863.txt,6.960000027902424,705,11
graph_0669_n1741.txt,1.033599954098463,696,13
graph_0670_n3665.txt,0.5638999864459038,389,6
graph_0671_n3298.txt,5.25069993454963,473,10
graph_0672_n3836.txt,2.153799985535443,427,8
graph_0673_n1976.txt,0.3519000019878149,367,7
graph_0674_n2494.txt,2.1430999040603638,306,7
graph_0675_n1699.txt,0.29039999935775995,196,4
graph_0676_n2257.txt,2.6672000531107187,488,9
graph_0677_n2327.txt,1.938600093126297,332,7
graph_0678_n1111.txt,0.430900021456182,415,6
graph_0679_n1706.txt,0.1191999763250351,401,6
graph_0680_n3610.txt,1.4798999764025211,494,9
graph_0681_n2358.txt,0.4395999712869525,307,7
graph_0682_n1788.txt,1.3609000016003847,739,11
graph_0683_n3251.txt,3.8223000010475516,304,7
graph_0684_n1461.txt,0.09350001346319914,260,6
graph_0685_n1415.txt,2.145599923096597,432,8
graph_0686_n3686.txt,2.7451999485492706,511,10
graph_0687_n1001.txt,0.25289994664490223,598,9
graph_0688_n2522.txt,4.2239000322297215,419,7
graph_0689_n3476.txt,2.4286999832838774,546,10
graph_0690_n3148.txt,1.9628999289125204,592,11
graph_0691_n3976.txt,0.49730006139725447,501,10
graph_0692_n1881.txt,0.4735999973490834,754,10
graph_0693_n1150.txt,0.4325999179854989,722,14
graph_0694_n1868.txt,0.027799978852272034,177,3
graph_0695_n1191.txt,0.4667999455705285,588,10
graph_0696_n2726.txt,1.9865999929606915,341,5
graph_0697_n3858.txt,0.8880000095814466,513,8
graph_0698_n1269.txt,0.516400090418756,398,8
graph_0699_n3013.txt,2.944699954241514,563,10
graph_0700_n1380.txt,0.672800000756979,485,7
graph_0701_n4087.txt,0.359599944204092,325,5
graph_0702_n4305.txt,3.2594000222161412,644,13
graph_0703_n4215.txt,2.3300000466406345,728,13
graph_0704_n4611.txt,5.448299925774336,599,9
graph_0705_n4787.txt,3.496500081382692,1277,20
graph_0706_n4318.txt,0.07259997073560953,217,3
graph_0707_n4586.txt,3.1609999714419246,718,12
graph_0708_n4116.txt,4.873700090683997,447,9
graph_0709_n4556.txt,3.844899940304458,859,13
graph_0710_n4718.txt,13.771099969744682,670,9
graph_0711_n4260.txt,1.28030008636415,635,10
graph_0712_n4320.txt,1.8630999838933349,539,8
graph_0713_n4989.txt,0.14819996431469917,382,5
graph_0714_n4285.txt,0.6945999339222908,658,9
graph_0715_n4959.txt,3.2541999826207757,429,7
graph_0716_n4868.txt,1.5187000390142202,492,8
graph_0717_n4185.txt,1.2302999384701252,652,11
graph_0718_n4351.txt,3.7531000562012196,328,7
graph_0719_n4844.txt,0.8783000521361828,249,3
graph_0720_n4290.txt,2.0590999629348516,355,6
graph_0721_n4167.txt,1.4458000659942627,939,17
graph_0722_n4227.txt,2.4628000101074576,785,14
graph_0723_n4595.txt,7.330300053581595,312,7
graph_0724_n4102.txt,3.612800035625696,652,15
graph_0725_n4363.txt,0.7527999114245176,677,11
graph_0726_n4498.txt,0.8626000490039587,308,4
graph_0727_n4062.txt,5.5810000048950315,659,11
graph_0728_n4847.txt,7.2252999525517225,547,10
graph_0729_n4243.txt,1.7180000431835651,683,10
graph_0730_n4486.txt,4.154699970968068,514,8
graph_0731_n4166.txt,1.1262999614700675,310,5
graph_0732_n4231.txt,1.1527000460773706,467,8
graph_0733_n4778.txt,3.476700047031045,604,10
graph_0734_n4652.txt,0.5859999218955636,391,7
graph_0735_n4213.txt,1.8640999915078282,606,11
graph_0736_n4226.txt,6.899700034409761,353,5
graph_0737_n4281.txt,3.2439999049529433,584,10
graph_0738_n4939.txt,2.167199971154332,367,6
graph_0739_n4525.txt,2.0075999200344086,987,17
graph_0740_n4078.txt,2.58089997805655,484,8
graph_0741_n4421.txt,5.967100034467876,435,7
graph_0742_n4297.txt,3.447100054472685,348,7
graph_0743_n4414.txt,3.456000005826354,543,10
graph_0744_n4296.txt,0.8254999993368983,400,8
graph_0745_n4977.txt,0.0654999166727066,208,4
graph_0746_n4066.txt,3.3957998966798186,837,14
graph_0747_n4863.txt,3.2395999878644943,359,7
graph_0748_n4391.txt,1.6515000024810433,717,12
graph_0749_n4082.txt,0.7937999907881021,487,9
graph_0750_n4730.txt,1.5929000219330192,287,6
graph_0751_n5612.txt,2.166899968869984,728,11
graph_0752_n5855.txt,1.7097999807447195,398,6
graph_0753_n5184.txt,8.347499999217689,540,10
graph_0754_n5951.txt,1.1052999179810286,717,11
graph_0755_n5517.txt,3.8777999579906464,383,8
graph_0756_n5017.txt,0.17770007252693176,313,5
graph_0757_n5017.txt,0.06490002851933241,221,3
graph_0758_n5496.txt,0.8838000940158963,308,5
graph_0759_n5140.txt,2.0734999561682343,1053,17
graph_0760_n5072.txt,0.6284000119194388,302,6
graph_0761_n5780.txt,0.698499963618815,645,9
graph_0762_n5835.txt,1.7721999902278185,405,7
graph_0763_n5180.txt,3.085699980147183,346,6
graph_0764_n5321.txt,3.4768000477924943,458,8
graph_0765_n5389.txt,4.539199988357723,323,6
graph_0766_n5080.txt,3.984999959357083,456,8
graph_0767_n5124.txt,2.314200042746961,287,5
graph_0768_n5809.txt,8.28049995470792,495,8
graph_0769_n5526.txt,6.816699984483421,783,12
graph_0770_n5561.txt,0.5107999313622713,512,9
graph_0771_n5643.txt,3.2503000693395734,489,8
graph_0772_n5213.txt,7.49400001950562,481,8
graph_0773_n5841.txt,4.498499911278486,487,9
graph_0774_n5076.txt,2.8750000055879354,440,9
graph_0775_n5811.txt,1.541999983601272,315,6
graph_0776_n5257.txt,3.978300024755299,435,8
graph_0777_n5130.txt,0.2109999768435955,324,5
graph_0778_n5095.txt,0.8841999806463718,292,4
graph_0779_n5073.txt,5.173299927264452,443,10
graph_0780_n5317.txt,2.666400047019124,375,7
graph_0781_n5100.txt,2.0668000215664506,555,8
graph_0782_n5448.txt,0.607200083322823,367,6
graph_0783_n5224.txt,3.224099986255169,374,8
graph_0784_n5428.txt,3.62550001591444,387,7
graph_0785_n5706.txt,6.057899910956621,458,8
graph_0786_n5862.txt,6.56939996406436,536,8
graph_0787_n5613.txt,5.386400036513805,365,6
graph_0788_n5081.txt,2.279800013639033,304,5
graph_0789_n5685.txt,1.5678999479860067,440,8
graph_0790_n5261.txt,5.616300040856004,468,8
graph_0791_n5090.txt,1.7782000359147787,278,5
graph_0792_n5079.txt,2.487199963070452,438,8
graph_0793_n5882.txt,2.740000025369227,785,13
graph_0794_n5546.txt,0.48230006359517574,227,4
graph_0795_n5998.txt,1.4041999820619822,640,11
graph_0796_n5354.txt,3.4853999968618155,494,9
graph_0797_n5396.txt,0.46469992958009243,292,6
graph_0798_n5829.txt,4.166500060819089,432,8
graph_0799_n5581.txt,1.2526999926194549,333,7
graph_0800_n5438.txt,0.02629996743053198,199,4
graph_0801_n6215.txt,12.869599973782897,287,6
graph_0802_n6264.txt,7.28939997497946,366,6
graph_0803_n6807.txt,4.999400000087917,309,6
graph_0804_n6615.txt,3.16620001103729,1117,19
graph_0805_n6136.txt,0.4221000708639622,676,11
graph_0806_n6826.txt,3.6458999384194613,322,6
graph_0807_n6558.txt,8.39609990362078,406,9
graph_0808_n6777.txt,2.7809999883174896,324,5
graph_0809_n6717.txt,5.56339998729527,342,5
graph_0810_n6366.txt,2.12610000744462,338,5
graph_0811_n6282.txt,0.5270000547170639,304,6
graph_0812_n6832.txt,5.279500037431717,458,8
graph_0813_n6681.txt,9.286500047892332,450,7
graph_0814_n6781.txt,1.0726000182330608,290,5
graph_0815_n6351.txt,5.37519995123148,547,12
graph_0816_n6117.txt,18.35689996369183,547,11
graph_0817_n6301.txt,0.09900005534291267,226,4
graph_0818_n6931.txt,9.163300041109324,735,11
graph_0819_n6784.txt,9.657699964009225,599,8
graph_0820_n6485.txt,1.8348000012338161,335,5
graph_0821_n6819.txt,2.1295000333338976,253,6
graph_0822_n6746.txt,1.8709999276325107,327,6
graph_0823_n6790.txt,10.860600043088198,456,7
graph_0824_n6193.txt,5.615800037048757,499,8
graph_0825_n6877.txt,5.7857000501826406,475,8
graph_0826_n6418.txt,2.883699955418706,473,8
graph_0827_n6378.txt,7.037299918010831,437,7
graph_0828_n6142.txt,20.6814999692142,369,6
graph_0829_n6225.txt,7.004000013694167,543,11
graph_0830_n6576.txt,6.2429000390693545,368,7
graph_0831_n6065.txt,0.6847999757155776,479,9
graph_0832_n6373.txt,10.727199958637357,441,7
graph_0833_n6953.txt,8.824700023978949,346,8
graph_0834_n6698.txt,1.5066000632941723,863,16
graph_0835_n6752.txt,0.8529999759048223,658,12
graph_0836_n6714.txt,3.281199955381453,373,8
graph_0837_n6413.txt,3.826499916613102,738,12
graph_0838_n6918.txt,0.04309997893869877,156,3
graph_0839_n6505.txt,1.6376000130549073,590,9
graph_0840_n6067.txt,3.5924999974668026,378,7
graph_0841_n6976.txt,6.547400029376149,408,9
graph_0842_n6818.txt,2.7796000940725207,874,14
graph_0843_n6276.txt,0.23990008048713207,516,8
graph_0844_n6446.txt,0.13719999697059393,461,7
graph_0845_n6067.txt,8.32649995572865,530,9
graph_0846_n6441.txt,4.046799964271486,371,8
graph_0847_n6294.txt,3.1907999655231833,371,8
graph_0848_n6094.txt,2.7959999861195683,707,10
graph_0849_n6560.txt,1.258100033737719,779,12
graph_0850_n6103.txt,1.9512999569997191,668,11
graph_0851_n7639.txt,10.120399994775653,627,10
graph_0852_n7043.txt,4.838800057768822,494,9
graph_0853_n7896.txt,3.1274999491870403,799,12
graph_0854_n7148.txt,6.560100009664893,611,11
graph_0855_n7225.txt,10.400300030596554,371,7
graph_0856_n7363.txt,8.107000030577183,618,11
graph_0857_n7877.txt,15.5434999614954,507,9
graph_0858_n7383.txt,1.9744000164791942,570,11
graph_0859_n7177.txt,1.622699899598956,422,7
graph_0860_n7726.txt,9.125299984589219,865,13
graph_0861_n7658.txt,0.9901999728754163,349,6
graph_0862_n7151.txt,0.15169999096542597,329,4
graph_0863_n7917.txt,1.4038999797776341,463,8
graph_0864_n7052.txt,0.5708999233320355,458,8
graph_0865_n7726.txt,2.5819999864324927,376,6
graph_0866_n7593.txt,2.626099972985685,825,12
graph_0867_n7860.txt,7.62729998677969,437,8
graph_0868_n7383.txt,6.527399993501604,612,11
graph_0869_n7280.txt,2.594600082375109,357,6
graph_0870_n7930.txt,1.0535999899730086,776,12
graph_0871_n7284.txt,2.7837000088766217,990,16
graph_0872_n7223.txt,6.065400084480643,477,9
graph_0873_n7027.txt,2.0091000478714705,338,7
graph_0874_n7482.txt,9.347400045953691,483,8
graph_0875_n7741.txt,1.2895000400021672,239,5
graph_0876_n7979.txt,5.460100015625358,545,9
graph_0877_n7253.txt,2.80630006454885,364,8
graph_0878_n7291.txt,0.7549000438302755,308,5
graph_0879_n7956.txt,3.1199000077322125,894,13
graph_0880_n7720.txt,2.4600999895483255,408,7
graph_0881_n7022.txt,2.2113999584689736,418,6
graph_0882_n7673.txt,6.313399993814528,621,10
graph_0883_n7439.txt,3.0335000483319163,783,13
graph_0884_n7131.txt,3.6060999846085906,689,11
graph_0885_n7839.txt,8.07490001898259,467,8
graph_0886_n7498.txt,1.3768000062555075,513,7
graph_0887_n7987.txt,0.6820999551564455,523,9
graph_0888_n7864.txt,6.147500011138618,450,8
graph_0889_n7297.txt,0.965600018389523,332,6
graph_0890_n7604.txt,1.9662999548017979,489,8
graph_0891_n7117.txt,1.6554000321775675,267,6
graph_0892_n7708.txt,4.130100016482174,721,11
graph_0893_n7210.txt,2.9571999330073595,486,11
graph_0894_n7602.txt,1.9926999229937792,503,9
graph_0895_n7923.txt,4.721100092865527,487,10
graph_0896_n7999.txt,4.7420000191777945,457,9
graph_0897_n7528.txt,2.034700009971857,344,7
graph_0898_n7475.txt,6.590000004507601,520,7
graph_0899_n7530.txt,3.4984000958502293,507,9
graph_0900_n7794.txt,0.6436000112444162,343,5
graph_0901_n8239.txt,7.26290000602603,609,10
graph_0902_n8570.txt,14.91400005761534,471,8
graph_0903_n8642.txt,0.9841999271884561,381,7
graph_0904_n8265.txt,8.062000037170947,453,7
graph_0905_n8906.txt,3.755299956537783,459,7
graph_0906_n8949.txt,1.4842998934909701,405,5
graph_0907_n8470.txt,3.9695999585092068,901,13
graph_0908_n8377.txt,4.363300045952201,576,11
graph_0909_n8362.txt,2.904399996623397,851,13
graph_0910_n8392.txt,2.7897999389097095,510,8
graph_0911_n8471.txt,4.253400024026632,1203,20
graph_0912_n8305.txt,4.960499936714768,609,13
graph_0913_n8573.txt,5.032700020819902,543,9
graph_0914_n8109.txt,4.205900011584163,664,10
graph_0915_n8958.txt,0.8826999692246318,505,8
graph_0916_n8146.txt,5.876099923625588,455,7
graph_0917_n8125.txt,5.288199987262487,644,16
graph_0918_n8841.txt,4.7024000668898225,546,8
graph_0919_n8489.txt,4.212699946947396,944,13
graph_0920_n8369.txt,15.1346999919042,412,7
graph_0921_n8940.txt,0.39709999691694975,624,11
graph_0922_n8821.txt,6.901300046592951,637,12
graph_0923_n8536.txt,3.6477999528869987,501,7
graph_0924_n8217.txt,10.160100064240396,442,8
graph_0925_n8593.txt,8.766300044953823,498,9
graph_0926_n8975.txt,2.953499904833734,942,15
graph_0927_n8688.txt,1.3381000608205795,575,8
graph_0928_n8044.txt,0.7534000324085355,604,9
graph_0929_n8448.txt,10.277600027620792,612,11
graph_0930_n8408.txt,1.0488999541848898,723,13
graph_0931_n8673.txt,8.945000008679926,354,8
graph_0932_n8631.txt,1.2205999810248613,611,11
graph_0933_n8613.txt,0.852599972859025,362,6
graph_0934_n8595.txt,1.4184999745339155,965,19
graph_0935_n8921.txt,9.930399945005774,601,12
graph_0936_n8572.txt,3.9179999148473144,507,10
graph_0937_n8932.txt,2.3825999815016985,590,8
graph_0938_n8189.txt,10.876899934373796,509,10
graph_0939_n8447.txt,6.943199899978936,499,9
graph_0940_n8519.txt,5.454599973745644,515,8
graph_0941_n8939.txt,1.8867000471800566,532,10
graph_0942_n8158.txt,2.9838000191375613,746,12
graph_0943_n8512.txt,1.4076000079512596,609,11
graph_0944_n8083.txt,7.962799980305135,432,7
graph_0945_n8417.txt,1.3834999408572912,406,6
graph_0946_n8128.txt,10.01720002386719,621,10
graph_0947_n8394.txt,7.733200094662607,375,7
graph_0948_n8494.txt,5.767100024968386,329,5
graph_0949_n8946.txt,8.565500029362738,399,8
graph_0950_n8945.txt,1.4912999467924237,519,8
graph_0951_n9286.txt,8.373700082302094,777,13
graph_0952_n9880.txt,16.369899967685342,477,7
graph_0953_n9616.txt,12.253600056283176,484,7
graph_0954_n9767.txt,2.603899920359254,833,13
graph_0955_n9889.txt,6.920299958437681,343,7
graph_0956_n9344.txt,1.2409999035298824,552,8
graph_0957_n9565.txt,4.623000044375658,479,6
graph_0958_n9122.txt,3.4293000353500247,454,10
graph_0959_n9161.txt,4.940700018778443,824,14
graph_0960_n9494.txt,4.623399931006134,924,16
graph_0961_n9838.txt,1.243600039742887,433,7
graph_0962_n9508.txt,7.931099971756339,487,10
graph_0963_n9366.txt,7.4998000636696815,412,6
graph_0964_n9737.txt,1.3007000088691711,782,14
graph_0965_n9885.txt,4.2480999836698174,532,9
graph_0966_n9377.txt,2.77339993044734,572,8
graph_0967_n9682.txt,1.6055998858064413,791,16
graph_0968_n9720.txt,7.756499922834337,398,7
graph_0969_n9180.txt,0.16179995145648718,214,4
graph_0970_n9696.txt,1.1781000066548586,530,8
graph_0971_n9346.txt,0.8277999004349113,672,10
graph_0972_n9275.txt,8.528799982741475,480,11
graph_0973_n9853.txt,9.658899973146617,631,9
graph_0974_n9482.txt,6.850700010545552,405,9
graph_0975_n9364.txt,12.047399999573827,484,9
graph_0976_n9266.txt,10.177399963140488,507,9
graph_0977_n9987.txt,13.242100016213953,436,8
graph_0978_n9006.txt,0.7278000703081489,320,7
graph_0979_n9989.txt,7.313500042073429,727,11
graph_0980_n9914.txt,14.742500032298267,515,7
graph_0981_n9822.txt,8.650400093756616,729,11
graph_0982_n9705.txt,3.0955999391153455,341,6
graph_0983_n9026.txt,5.249999929219484,467,8
graph_0984_n9835.txt,8.278099936433136,532,11
graph_0985_n9888.txt,0.7012001005932689,418,6
graph_0986_n9662.txt,4.497200017794967,473,7
graph_0987_n9166.txt,4.271100042387843,556,10
graph_0988_n9686.txt,11.623399914242327,586,11
graph_0989_n9619.txt,7.853999966755509,455,8
graph_0990_n9760.txt,10.043299989774823,299,8
graph_0991_n9008.txt,2.820699941366911,927,15
graph_0992_n9539.txt,1.538399956189096,377,6
graph_0993_n9178.txt,4.513300023972988,437,9
graph_0994_n9051.txt,2.7445999439805746,448,8
graph_0995_n9819.txt,6.298199994489551,551,9
graph_0996_n9870.txt,1.686900039203465,715,13
graph_0997_n9498.txt,4.398000077344477,624,8
graph_0998_n9538.txt,5.959299975074828,493,10
graph_0999_n9158.txt,3.7242999533191323,619,11
graph_1000_n9759.txt,9.129100013524294,448,8
